index,Date,Title,Source,URL,Event,Keyword,Category,Text
1,2022-01-01,2022年 ， 我们选出了最需要关注的50件大事 ！ _ 证券时报网,stcn.com,https://www.stcn.com/xw/sd/202201/t20220101_4035297.html,Federal Reserve Monetary Policy,Federal Reserve; Fed; interest rate; tapering,Monetary Policy,
2,2022-01-01,傻子百顺 _ 文学城博客,blog.wenxuecity.com,https://blog.wenxuecity.com/myblog/75255/202201/563.html,Federal Reserve Monetary Policy,Federal Reserve; Fed; interest rate; tapering,Monetary Policy,
3,2022-01-01,"Giá vàng hôm nay 2 / 1 : Đầu năm , tiếp tục tăng mạnh - Đời sống",vietgiaitri.com,https://vietgiaitri.com/gia-vang-hom-nay-21-dau-nam-tiep-tuc-tang-manh-20220102i6245243/,Federal Reserve Monetary Policy,Federal Reserve; Fed; interest rate; tapering,Monetary Policy,
4,2022-01-01,Bancos centrais em todo o mundo aumentam ouro em suas reservas e reduzem dólar americano,br.sputniknews.com,https://br.sputniknews.com/20220101/bancos-centrais-em-todo-o-mundo-aumentam-ouro-em-suas-reservas-e-reduzem-dolar-americano-20889279.html,Federal Reserve Monetary Policy,Federal Reserve; Fed; interest rate; tapering,Monetary Policy,
5,2022-01-01,韋伯望遠鏡聖誕節升空 ！ 克服預算＋改名爭議 ，「 哈伯傳人 」 進入關鍵 30 天,technews.tw,https://technews.tw/2022/01/02/the-name-of-nasas-most-powerful-telescope-is-still-controversial-one-month-before-its-launch/,Federal Reserve Monetary Policy,Federal Reserve; Fed; interest rate; tapering,Monetary Policy,
6,2022-01-01,Food and Shelter . Thanks Fed ! – Investment Watch,investmentwatchblog.com,https://www.investmentwatchblog.com/food-and-shelter-thanks-fed/,Federal Reserve Monetary Policy,Federal Reserve; Fed; interest rate; tapering,Monetary Policy,
7,2022-01-01,القصة الحقيقية لكيفية تجاوز صناديق الاستثمار المتداولة لعاصفة مارس 2020,aleqt.com,https://www.aleqt.com/2022/01/01/article_2238701.html,Federal Reserve Monetary Policy,Federal Reserve; Fed; interest rate; tapering,Monetary Policy,
8,2022-01-01,Bancos centrais em todo o mundo aumentam ouro em suas reservas e reduzem dólar americano,brasil247.com,https://www.brasil247.com/economia/bancos-centrais-em-todo-o-mundo-aumentam-ouro-em-suas-reservas-e-reduzem-dolar-americano,Federal Reserve Monetary Policy,Federal Reserve; Fed; interest rate; tapering,Monetary Policy,
9,2022-01-01,Publication of most LIBOR settings ends after decades - long dominance,japanherald.com,https://www.japanherald.com/news/272079801/publication-of-most-libor-settings-ends-after-decades-long-dominance,Federal Reserve Monetary Policy,Federal Reserve; Fed; interest rate; tapering,Monetary Policy,
10,2022-01-01,New Variant Greets New Year : Top Trade Q1 2022,menafn.com,https://menafn.com/1103473051/New-Variant-Greets-New-Year-Top-Trade-Q1-2022&source=28,Federal Reserve Monetary Policy,Federal Reserve; Fed; interest rate; tapering,Monetary Policy,
11,2022-01-01,Đầu tư vào kim loại công nghiệp năm 2021 thắng lớn,ndh.vn,https://ndh.vn/kim-loai/dau-tu-vao-kim-loai-cong-nghiep-nam-2021-thang-lon-1307030.html,Federal Reserve Monetary Policy,Federal Reserve; Fed; interest rate; tapering,Monetary Policy,
12,2022-01-01,New Variant Greets New Year : Top Trade Q1 2022,menafn.com,https://menafn.com/1103473051/New-Variant-Greets-New-Year-Top-Trade-Q1-2022&source=26,Federal Reserve Monetary Policy,Federal Reserve; Fed; interest rate; tapering,Monetary Policy,
13,2022-01-01,Publication of most LIBOR settings ends after decades - long dominance,theuknews.com,https://www.theuknews.com/news/272079801/publication-of-most-libor-settings-ends-after-decades-long-dominance,Federal Reserve Monetary Policy,Federal Reserve; Fed; interest rate; tapering,Monetary Policy,
14,2022-01-01,富邦金控罗玮 ： 2022全球经济与金融市场将呈现四大特征,insurance.jrj.com.cn,http://insurance.jrj.com.cn/2021/12/30203834097132.shtml,Federal Reserve Monetary Policy,Federal Reserve; Fed; interest rate; tapering,Monetary Policy,
15,2022-01-01,王鹏点金 ： 元旦快乐 ！_ 中金在线财经号,mp.cnfol.com,http://mp.cnfol.com/27740/article/1641046142-140225298,Federal Reserve Monetary Policy,Federal Reserve; Fed; interest rate; tapering,Monetary Policy,
16,2022-01-01,"4 đại gia Việt giàu sụ bị bắt giam trong năm 2021 , lộ vỏ bọc đằng sau không ai ngờ - Pháp luật",vietgiaitri.com,https://vietgiaitri.com/4-dai-gia-viet-giau-su-bi-bat-giam-trong-nam-2021-lo-vo-boc-dang-sau-khong-ai-ngo-20220102i6245219/,Federal Reserve Monetary Policy,Federal Reserve; Fed; interest rate; tapering,Monetary Policy,
17,2022-01-01,"지난해 ( 2021년 ) 글로벌 M & A 규모 5 . 8조 달러 , 사상 최대치",radiokorea.com,https://www.radiokorea.com:443/towninfo/local_view.php?id=378551,Federal Reserve Monetary Policy,Federal Reserve; Fed; interest rate; tapering,Monetary Policy,
18,2022-01-01,Quebec investors should temper their expectations in 2022 : analysts,montreal.ctvnews.ca,https://montreal.ctvnews.ca/quebec-investors-should-temper-their-expectations-in-2022-analysts-1.5725145,Federal Reserve Monetary Policy,Federal Reserve; Fed; interest rate; tapering,Monetary Policy,
19,2022-01-01,بلومبرج : ضغط أردوغان على البنك المركزي لخفض أسعار الفائدة يقود لنتائج عكسية,dostor.org,https://www.dostor.org/3671957,Federal Reserve Monetary Policy,Federal Reserve; Fed; interest rate; tapering,Monetary Policy,
20,2022-01-01,Photo Gallery - पाञ्चजन्य,panchjanya.com,https://www.panchjanya.com/photo/1909/,Federal Reserve Monetary Policy,Federal Reserve; Fed; interest rate; tapering,Monetary Policy,
21,2022-01-01,Photo Gallery - पाञ्चजन्य,panchjanya.com,https://www.panchjanya.com/photo/1910/,Federal Reserve Monetary Policy,Federal Reserve; Fed; interest rate; tapering,Monetary Policy,
22,2022-01-01,Photo Gallery - पाञ्चजन्य,panchjanya.com,https://www.panchjanya.com/photo/1908/,Federal Reserve Monetary Policy,Federal Reserve; Fed; interest rate; tapering,Monetary Policy,
23,2022-01-01,Photo Gallery - पाञ्चजन्य,panchjanya.com,https://www.panchjanya.com/photo/1907/,Federal Reserve Monetary Policy,Federal Reserve; Fed; interest rate; tapering,Monetary Policy,
24,2022-01-01,EUR / USD forecast : bearish breakout to happen in 2022,invezz.com,https://invezz.com/news/2022/01/01/eur-usd-forecast-bearish-breakout-to-happen-in-2022/,Federal Reserve Monetary Policy,Federal Reserve; Fed; interest rate; tapering,Monetary Policy,
25,2022-01-01,GBP / USD forecast : More upside expected in January 2022,invezz.com,https://invezz.com/news/2022/01/01/gbp-usd-forecast-more-upside-expected-in-january-2022/,Federal Reserve Monetary Policy,Federal Reserve; Fed; interest rate; tapering,Monetary Policy,
26,2022-01-01, [ 탐사보도 뉴스프리즘 ] 소비자물가 2 . 5 % 상승 10년 만에 최고 … 대안은 ? ,yna.co.kr,https://www.yna.co.kr/view/MYH20211231020600038,Federal Reserve Monetary Policy,Federal Reserve; Fed; interest rate; tapering,Monetary Policy,
27,2022-01-01,Publication of most LIBOR settings ends after decades - long dominance,bignewsnetwork.com,https://www.bignewsnetwork.com/news/272079801/publication-of-most-libor-settings-ends-after-decades-long-dominance,Federal Reserve Monetary Policy,Federal Reserve; Fed; interest rate; tapering,Monetary Policy,
28,2022-01-01,Dollar to retain strength in 2022 - The Hindu BusinessLine,thehindubusinessline.com,https://www.thehindubusinessline.com/portfolio/technical-analysis/dollar-to-retain-strength-in-2022/article38088728.ece,Federal Reserve Monetary Policy,Federal Reserve; Fed; interest rate; tapering,Monetary Policy,
29,2022-01-01,Gold in 2022 : Set to shine - The Hindu BusinessLine,thehindubusinessline.com,https://www.thehindubusinessline.com/portfolio/big-story/gold-in-2022-set-to-shine/article38088325.ece,Federal Reserve Monetary Policy,Federal Reserve; Fed; interest rate; tapering,Monetary Policy,
30,2022-01-01,李潇翰1 . 2黄金下周最新行情走势分析 ， 黄金收高多头强劲 东方财富网博客,blog.eastmoney.com,http://blog.eastmoney.com/m1682336176801140/blog_1126753289.html,Federal Reserve Monetary Policy,Federal Reserve; Fed; interest rate; tapering,Monetary Policy,
31,2022-01-01,Rupee Ends 2021 With One of Its Biggest Gains Against US Dollar Following SBP Bill,newsmakers.pk,https://newsmakers.pk/rupee-ends-2021-with-one-of-its-biggest-gains-against-us-dollar-following-sbp-bill/,Federal Reserve Monetary Policy,Federal Reserve; Fed; interest rate; tapering,Monetary Policy,
32,2022-01-01,"Νέο πρόστιμο 8 , 66 εκατ . ευρώ στην Deutsche Bank",kathimerini.com.cy,http://www.kathimerini.com.cy/gr/oikonomiki/neo-prostimo-8-66-ekat-eyrw-stin-deutsche-bank,Federal Reserve Monetary Policy,Federal Reserve; Fed; interest rate; tapering,Monetary Policy,
33,2022-01-01,"4 đại gia Việt giàu sụ bị bắt giam trong năm 2021 , lộ vỏ bọc đằng sau không ai ngờ",24h.com.vn,https://www.24h.com.vn/tai-chinh/4-dai-gia-viet-giau-su-bi-bat-giam-trong-nam-2021-lo-vo-boc-dang-sau-khong-ai-ngo-c587a1320978.html,Federal Reserve Monetary Policy,Federal Reserve; Fed; interest rate; tapering,Monetary Policy,
34,2022-01-01,중국  성장률  이 꺾인다 … 그래서 새해에 꺼낼 정책들,news.mt.co.kr,https://news.mt.co.kr/mtview.php?no=2021123110571440848&MT_T,Federal Reserve Monetary Policy,Federal Reserve; Fed; interest rate; tapering,Monetary Policy,
35,2022-01-01,王鹏点金 ： 元旦快乐 ！_ 名家点金 _ 黄金网 _ 中金在线,gold.cnfol.com,http://gold.cnfol.com/mingjiadianjin/20220101/29360251.shtml,Federal Reserve Monetary Policy,Federal Reserve; Fed; interest rate; tapering,Monetary Policy,
36,2022-01-01,"Antti Asikainen suoritti vuoden verran huippuyliopiston opintoja muutamassa kuukaudessa –  Nyt alkaa tulla sellaisia asioita , joita ei ihan heti hoksaa  ",yle.fi,https://yle.fi/uutiset/3-12251497,Federal Reserve Monetary Policy,Federal Reserve; Fed; interest rate; tapering,Monetary Policy,
37,2022-01-01,王鹏点金 ： 元旦快乐 ！_ 中金在线财经号,mp.cnfol.com,http://mp.cnfol.com/27740/article/1641046142-140225298.html,Federal Reserve Monetary Policy,Federal Reserve; Fed; interest rate; tapering,Monetary Policy,
38,2022-01-01,How the Democratic Party didnt stop worrying and fearing crypto in 2021,cointelegraph.com,https://cointelegraph.com/news/how-the-democratic-party-didn-t-stop-worrying-and-fearing-crypto-in-2021,Federal Reserve Monetary Policy,Federal Reserve; Fed; interest rate; tapering,Monetary Policy,
39,2022-01-01,Đón đọc ĐTTC bộ mới số 132 phát hành thứ hai ngày 3 - 1 - 2022 | Kinh tế | Báo Sài Gòn Đầu Tư Tài Chính,saigondautu.com.vn,https://www.saigondautu.com.vn/kinh-te/don-doc-dttc-bo-moi-so-132-phat-hanh-thu-hai-ngay-312022-100618.html,Federal Reserve Monetary Policy,Federal Reserve; Fed; interest rate; tapering,Monetary Policy,
40,2022-01-01,"Νέο πρόστιμο 8 , 66 εκατ . ευρώ στην Deutsche Bank",kathimerini.com.cy,https://www.kathimerini.com.cy/gr/oikonomiki/neo-prostimo-8-66-ekat-eyrw-stin-deutsche-bank,Federal Reserve Monetary Policy,Federal Reserve; Fed; interest rate; tapering,Monetary Policy,
41,2022-01-01,قراءة في  سوق الاستحواذ والاندماج  وآفاقه .. 5 تريليونات وهنا أبرز,sabq.org,https://sabq.org/hZXsvf,Federal Reserve Monetary Policy,Federal Reserve; Fed; interest rate; tapering,Monetary Policy,
42,2022-01-01,Elektriğe büyük zam ! En az yüzde 52,finansgundem.com,https://www.finansgundem.com/haber/elektrige-buyuk-zam-en-az-yuzde-52/1630841,Federal Reserve Monetary Policy,Federal Reserve; Fed; interest rate; tapering,Monetary Policy,
43,2022-01-01,张凯翰 ： 1 . 2黄金原油年终周评资讯 、 下周一行情价格分析及操作建议 东方财富网博客,blog.eastmoney.com,http://blog.eastmoney.com/s2029315726004278/blog_1126748246.html,Federal Reserve Monetary Policy,Federal Reserve; Fed; interest rate; tapering,Monetary Policy,
44,2022-01-01,Publication of most LIBOR settings ends after decades - long dominance - Xinhua,xinhuanet.com,http://www.xinhuanet.com/english/20220101/a22211b43d884ebcaefb1fc55e0d43e5/c.html,Federal Reserve Monetary Policy,Federal Reserve; Fed; interest rate; tapering,Monetary Policy,
45,2022-01-01,Publication of most LIBOR settings ends after decades - long dominance - Xinhua,xinhuanet.com,http://www.xinhuanet.com/english/20220101/41f0f4ee78334ee1a95629edf3983bfa/c.html,Federal Reserve Monetary Policy,Federal Reserve; Fed; interest rate; tapering,Monetary Policy,
46,2022-01-01,Publication of most LIBOR settings ends after decades - long dominance - Xinhua,xinhuanet.com,http://www.xinhuanet.com/english/europe/20220101/03dbb0720ddc4fa4a804602d8b7de81e/c.html,Federal Reserve Monetary Policy,Federal Reserve; Fed; interest rate; tapering,Monetary Policy,
47,2022-01-01,Publication of most LIBOR settings ends after decades - long dominance - Xinhua,xinhuanet.com,http://www.xinhuanet.com/english/europe/20220101/685660bb092646f28af4b988cfab8b1f/c.html,Federal Reserve Monetary Policy,Federal Reserve; Fed; interest rate; tapering,Monetary Policy,
48,2022-01-01,In 2022 Workers Will Be Paid In Bitcoin And Cryptocurrencies,forbes.com,https://www.forbes.com/sites/jackkelly/2022/01/01/in-2022-workers-will-be-paid-in-bitcoin-and-cryptocurrencies/,Federal Reserve Monetary Policy,Federal Reserve; Fed; interest rate; tapering,Monetary Policy,
49,2022-01-01,"Toàn cảnh thị trường tài chính toàn cầu năm 2021 : Hồi phục nhanh , lạm phát mạnh , giá trị tài sản thay đổi chóng mặt",cafebiz.vn,https://cafebiz.vn/toan-canh-thi-truong-tai-chinh-toan-cau-nam-2021-hoi-phuc-nhanh-lam-phat-manh-gia-tri-tai-san-thay-doi-chong-mat-20220101175912485.chn,Federal Reserve Monetary Policy,Federal Reserve; Fed; interest rate; tapering,Monetary Policy,
50,2022-01-01,Tranh thủ nắm bắt các cơ hội phát triển mới - Đời sống,vietgiaitri.com,https://vietgiaitri.com/tranh-thu-nam-bat-cac-co-hoi-phat-trien-moi-20220101i6244828/,Federal Reserve Monetary Policy,Federal Reserve; Fed; interest rate; tapering,Monetary Policy,
51,2022-01-01,Peru inflation closes 2021 at 13 - year high | 710 AM 98 . 1 FM WDSM,wdsm710.com,https://wdsm710.com/2022/01/01/perus-inflation-closes-2021-at-13-year-high/,Treasury Yields and Inflation,Treasury yield; inflation; US economy,Interest Rates / Inflation,
52,2022-01-01,Elon Musk è il più ricco - RSI Radiotelevisione svizzera,rsi.ch,https://www.rsi.ch/news/mondo/Elon-Musk-%C3%A8-il-pi%C3%B9-ricco-14984949.html,Treasury Yields and Inflation,Treasury yield; inflation; US economy,Interest Rates / Inflation,
53,2022-01-01,Lira turke në nivelet më të ulta në dy dekada nën qeverisjen e Erdoganin,oranews.tv,http://www.oranews.tv/bota/lira-turke-ne-nivelet-me-te-ulta-ne-dy-dekada-nen-qeverisjen-e-erdoganin-i1023853,Treasury Yields and Inflation,Treasury yield; inflation; US economy,Interest Rates / Inflation,
54,2022-01-01,Peru inflation closes 2021 at 13 - year high By Reuters,investing.com,https://www.investing.com/news/economy/perus-inflation-closes-2021-at-13year-high-2728404,Treasury Yields and Inflation,Treasury yield; inflation; US economy,Interest Rates / Inflation,
55,2022-01-01,"Ikea , i prezzi aumentano in tutti i punti vendita : il Covid infetta anche il colosso svedese",ilmattino.it,https://www.ilmattino.it/economia/news/ikea_prezzi_aumento_quanto_punti_vendita_covid_ultime_notizie_catalogo-6414287.html,Treasury Yields and Inflation,Treasury yield; inflation; US economy,Interest Rates / Inflation,
56,2022-01-01,Peru inflation closes 2021 at 13 - year high | One America News Network,oann.com,https://www.oann.com/perus-inflation-closes-2021-at-13-year-high/,Treasury Yields and Inflation,Treasury yield; inflation; US economy,Interest Rates / Inflation,
57,2022-01-01,Մեր մտքերն ու սրտերը հայրենիքի համար իրենց կյանքը զոհաբերած մեր եղբայրների ու քույրերի հետ են . ՀՀ վարչապետի ուղերձը,armenpress.am,https://armenpress.am/arm/news/1072095/,Treasury Yields and Inflation,Treasury yield; inflation; US economy,Interest Rates / Inflation,
58,2022-01-01,Il 2021 ha reso i ricchi più ricchi,ticinonews.ch,https://www.ticinonews.ch/estero/il-2021-ha-reso-i-ricchi-piu-ricchi-DF5034252,Treasury Yields and Inflation,Treasury yield; inflation; US economy,Interest Rates / Inflation,
59,2022-01-01,1美元商店要漲價了 - 專題周報,chinatimes.com,https://www.chinatimes.com/newspapers/20220102000240-260209,Treasury Yields and Inflation,Treasury yield; inflation; US economy,Interest Rates / Inflation,
60,2022-01-01,Peru inflation closes 2021 at 13 - year high | Kat Country 98 . 9,katcountry989.com,https://katcountry989.com/2022/01/01/perus-inflation-closes-2021-at-13-year-high/,Treasury Yields and Inflation,Treasury yield; inflation; US economy,Interest Rates / Inflation,
61,2022-01-01,নতুন বছরে অর্থনীতির চ্যালেঞ্জ মোকাবেলা | 1107022 | কালের কণ্ঠ,kalerkantho.com,https://www.kalerkantho.com/online/national/2022/01/02/1107022,Treasury Yields and Inflation,Treasury yield; inflation; US economy,Interest Rates / Inflation,
62,2022-01-01,Peru inflation closes 2021 at 13 - year high,933thedrive.com,https://www.933thedrive.com/2022/01/01/perus-inflation-closes-2021-at-13-year-high/,Treasury Yields and Inflation,Treasury yield; inflation; US economy,Interest Rates / Inflation,
63,2022-01-01,Altında yıl sonu sürprizi,bloomberght.com,https://www.bloomberght.com/altinda-yil-sonu-surprizi-2295612,Treasury Yields and Inflation,Treasury yield; inflation; US economy,Interest Rates / Inflation,
64,2022-01-01,إيران تودع 2021 باحتجاجات تصل  للذروة  | سكاي نيوز عربية,skynewsarabia.com,https://www.skynewsarabia.com/world/1490634-%D8%A7%D9%95%D9%8A%D8%B1%D8%A7%D9%86-%D8%AA%D9%88%D8%AF%D8%B9-2021-%D8%A8%D8%A7%D8%AD%D8%AA%D8%AC%D8%A7%D8%AC%D8%A7%D8%AA-%D8%AA%D8%B5%D9%84-%D9%84%D9%84%D8%B0%D8%B1%D9%88%D8%A9,Treasury Yields and Inflation,Treasury yield; inflation; US economy,Interest Rates / Inflation,
65,2022-01-01,Peru inflation closes 2021 at 13 - year high,wtbx.com,https://wtbx.com/2022/01/01/perus-inflation-closes-2021-at-13-year-high/,Treasury Yields and Inflation,Treasury yield; inflation; US economy,Interest Rates / Inflation,
66,2022-01-01,Peru inflation closes 2021 at 13 - year high,msn.com,https://www.msn.com/en-us/money/markets/peru-s-inflation-closes-2021-at-13-year-high/ar-AASlf17,Treasury Yields and Inflation,Treasury yield; inflation; US economy,Interest Rates / Inflation,
67,2022-01-01,,dw.com,https://www.dw.com/overlay/media/en/as-prices-soar-in-turkey-poverty-and-discontent-deepen/60145736/60309223,Treasury Yields and Inflation,Treasury yield; inflation; US economy,Interest Rates / Inflation,
68,2022-01-01,Γιατί οι δισεκατομμυριούχοι στρέφονται τώρα στα cryptos ; – Υπάρχει κίνδυνος για τα νομίσματα των κεντρικών τραπεζών ; ,bankingnews.gr,https://www.bankingnews.gr/kriptonomismata/articles/604828/giati-oi-disekatommyrioyxoi-strefontai-tora-sta-crypros-yparxei-kindynos-gia-ta-nomismata-ton-kentrikon-trapezon,Treasury Yields and Inflation,Treasury yield; inflation; US economy,Interest Rates / Inflation,
69,2022-01-01,Euro marks 20 eventful years | The Daily Star,thedailystar.net,https://www.thedailystar.net/business/global-economy/news/euro-marks-20-eventful-years-2930386,Treasury Yields and Inflation,Treasury yield; inflation; US economy,Interest Rates / Inflation,
70,2022-01-01,Γιατί οι δισεκατομμυριούχοι στρέφονται τώρα στα cryptos ; – Υπάρχει κίνδυνος για τα νομίσματα των κεντρικών τραπεζών ; ,bankingnews.gr,https://www.bankingnews.gr/index.php?id=604828,Treasury Yields and Inflation,Treasury yield; inflation; US economy,Interest Rates / Inflation,
71,2022-01-01,"Pakistan : National Assembly session prorogued indefinitely , lasts only 12 minutes",heraldglobe.com,https://www.heraldglobe.com/news/272080236/pakistan-national-assembly-session-prorogued-indefinitely-lasts-only-12-minutes,Treasury Yields and Inflation,Treasury yield; inflation; US economy,Interest Rates / Inflation,
72,2022-01-01,"Ikea , i prezzi aumentano in tutti i punti vendita : il Covid infetta anche il colosso svedese",corriereadriatico.it,https://www.corriereadriatico.it/economia/news/ikea_prezzi_aumento_quanto_punti_vendita_covid_ultime_notizie_catalogo_ultime_notizie_1_gennaio_2022-6414203.html,Treasury Yields and Inflation,Treasury yield; inflation; US economy,Interest Rates / Inflation,
73,2022-01-01,اعتصاب ملی معلمان در حالی که مبارزات طبقاتی بی وقفه ایران را به لرزه در‌آورده,marxist.com,http://www.marxist.com/farsi-national-teacher-strike-relentless-class-struggle-iran.htm,Treasury Yields and Inflation,Treasury yield; inflation; US economy,Interest Rates / Inflation,
74,2022-01-01,Cinci surprize financiare din 2021 şi cum vor influenţa economia mondială în 2022,mediafax.ro,https://www.mediafax.ro/economic/cinci-surprize-financiare-din-2021-si-cum-vor-influenta-economia-mondiala-in-2022-analiza-20437280,Treasury Yields and Inflation,Treasury yield; inflation; US economy,Interest Rates / Inflation,
75,2022-01-01,নতুন বছর নিয়ে যা ভাবছেন ব্যবসায়ীরা | 1106943 | কালের কণ্ঠ,kalerkantho.com,https://www.kalerkantho.com/print-edition/profit-loss/2022/01/02/1106943,Treasury Yields and Inflation,Treasury yield; inflation; US economy,Interest Rates / Inflation,
76,2022-01-01,المملكة المتحدة والأسواق الناشئة تتخلف عن الركب في  انتعاش كل شيء  ,aleqt.com,https://www.aleqt.com/2022/01/01/article_2238686.html,Treasury Yields and Inflation,Treasury yield; inflation; US economy,Interest Rates / Inflation,
77,2022-01-01,নতুন বছরে অর্থনীতির চ্যালেঞ্জ মোকাবেলা | 1106867 | কালের কণ্ঠ,kalerkantho.com,https://www.kalerkantho.com/print-edition/sub-editorial/2022/01/02/1106867,Treasury Yields and Inflation,Treasury yield; inflation; US economy,Interest Rates / Inflation,
78,2022-01-01,Η « κληρονομιά » του 2021 στην παγκόσμια οικονομία,kathimerini.com.cy,http://www.kathimerini.com.cy/gr/oikonomiki/oikonomia/i-klironomia-toy-2021-stin-pagkosmia-oikonomia,Treasury Yields and Inflation,Treasury yield; inflation; US economy,Interest Rates / Inflation,
79,2022-01-01,Peru inflation closes 2021 at 13 - year high,msn.com,https://www.msn.com/en-us/money/markets/perus-inflation-closes-2021-at-13-year-high/ar-AASlf17,Treasury Yields and Inflation,Treasury yield; inflation; US economy,Interest Rates / Inflation,
80,2022-01-01,Befektetés kezdőknek,hup.hu,https://hup.hu/comment/2720667,Treasury Yields and Inflation,Treasury yield; inflation; US economy,Interest Rates / Inflation,
81,2022-01-01,Η « κληρονομιά » του 2021 στην παγκόσμια οικονομία,kathimerini.com.cy,https://www.kathimerini.com.cy/gr/oikonomiki/oikonomia/i-klironomia-toy-2021-stin-pagkosmia-oikonomia,Treasury Yields and Inflation,Treasury yield; inflation; US economy,Interest Rates / Inflation,
82,2022-01-01,Befektetés kezdőknek,hup.hu,https://hup.hu/comment/2720660,Treasury Yields and Inflation,Treasury yield; inflation; US economy,Interest Rates / Inflation,
83,2022-01-01,أسعار المواد الغذائية تبلغ مستويات قياسية في سريلانكا,albayan.ae,https://www.albayan.ae/economy/global/2022-01-01-1.4337407,Treasury Yields and Inflation,Treasury yield; inflation; US economy,Interest Rates / Inflation,
84,2022-01-01,Đồng tiền chung châu Âu euro tròn 20 tuổi,ndh.vn,https://ndh.vn/quoc-te/dong-tien-chung-chau-au-euro-tron-20-tuoi-1307035.html,Treasury Yields and Inflation,Treasury yield; inflation; US economy,Interest Rates / Inflation,
85,2022-01-01,"Pakistan : National Assembly session prorogued indefinitely , lasts only 12 minutes",bignewsnetwork.com,https://www.bignewsnetwork.com/news/272080236/pakistan-national-assembly-session-prorogued-indefinitely-lasts-only-12-minutes,Treasury Yields and Inflation,Treasury yield; inflation; US economy,Interest Rates / Inflation,
86,2022-01-01,مافتأت امريكا لاتنوي انهاء توسع وهيمنة ايران بالعراق‎‎,iraqakhbar.com,https://iraqakhbar.com/3429566,Treasury Yields and Inflation,Treasury yield; inflation; US economy,Interest Rates / Inflation,
87,2022-01-01,"Pakistan : National Assembly session prorogued indefinitely , lasts only 12 minutes",news.webindia123.com,https://news.webindia123.com/news/Articles/World/20220101/3884498.html,Treasury Yields and Inflation,Treasury yield; inflation; US economy,Interest Rates / Inflation,
88,2022-01-01,د . سمير ناجي الجنابي : مافتأت امريكا لاتنوي انهاء توسع وهيمنة ايران بالعراق‎‎,akhbaar.org,https://akhbaar.org/home/2022/1/290342.html,Treasury Yields and Inflation,Treasury yield; inflation; US economy,Interest Rates / Inflation,
89,2022-01-01, 【 名家专栏 】 扭转失败防疫政策的机遇 | Omicron | 中共 | 心肌炎,epochtimes.com,https://www.epochtimes.com/gb/22/1/1/n13474708.htm,Treasury Yields and Inflation,Treasury yield; inflation; US economy,Interest Rates / Inflation,
90,2022-01-01,Jesmo li imali pravo kad se prije 20 godina uvodio euro ? ,net.hr,https://net.hr:443/danas/svijet/jesmo-li-imali-pravo-kad-se-prije-20-godina-uvodio-euro-e9821030-6b09-11ec-ae40-eed9f6710056,Treasury Yields and Inflation,Treasury yield; inflation; US economy,Interest Rates / Inflation,
91,2022-01-01,  ريلاينس  تخطو نحو إصدار سندات بقيمة 5 مليارات دولار,argaam.com,https://www.argaam.com/ar/article/articledetail/id/1524534,Treasury Yields and Inflation,Treasury yield; inflation; US economy,Interest Rates / Inflation,
92,2022-01-01,,tap.info.tn,https://www.tap.info.tn/en/Portal-Economy/14732832-dinar-exchange-rate,Treasury Yields and Inflation,Treasury yield; inflation; US economy,Interest Rates / Inflation,
93,2022-01-01,В Украине выросла стоимость оформления биометрических документов,news.meta.ua,https://news.meta.ua/cluster:75409059-V-Ukraine-vyrosla-stoimost-oformleniia-biometricheskikh-dokumentov/,US-China Trade Relations,US-China; trade war; tariffs; sanctions,Trade Policy / Geopolitics,
94,2022-01-01,金觀平 ： RCEP實施是對外開放新的里程碑,news.sina.com.tw,https://news.sina.com.tw/article/20220102/40942748.html,US-China Trade Relations,US-China; trade war; tariffs; sanctions,Trade Policy / Geopolitics,
95,2022-01-01,印度打造太陽能供應鏈 - 產業特刊,chinatimes.com,https://www.chinatimes.com/newspapers/20220102000253-260210,US-China Trade Relations,US-China; trade war; tariffs; sanctions,Trade Policy / Geopolitics,
96,2022-01-01,乳业巨头开启整合模式 细分领域进入快车道 _ 东方财富网,finance.eastmoney.com,http://finance.eastmoney.com/a/202201022234145167.html,US-China Trade Relations,US-China; trade war; tariffs; sanctions,Trade Policy / Geopolitics,
97,2022-01-01,中国贸促会签发首批158份RCEP原产地证书 _ 新闻频道 _ 中华网,news.china.com,https://news.china.com/domestic/945/20220102/40765010.html,US-China Trade Relations,US-China; trade war; tariffs; sanctions,Trade Policy / Geopolitics,
98,2022-01-01, 【 国际锐评 】 这个全球最大自贸区何以令万众期待 ？_ 新闻频道 _ 中华网,news.china.com,https://news.china.com/domestic/945/20220102/40765026.html,US-China Trade Relations,US-China; trade war; tariffs; sanctions,Trade Policy / Geopolitics,
99,2022-01-01,В Україні знову зросла вартість біометричних паспортів,lb.ua,https://lb.ua/economics/2022/01/01/502252_ukraini_znovu_zrosla_vartist.html,US-China Trade Relations,US-China; trade war; tariffs; sanctions,Trade Policy / Geopolitics,
100,2022-01-01,الصين : قانون صارم لاستيراد المواد الغذائية يقلق الشركات الأجنبية,alwasat.ly,http://alwasat.ly/news/economy/344423,US-China Trade Relations,US-China; trade war; tariffs; sanctions,Trade Policy / Geopolitics,
101,2022-01-01,RCEP倒计时 ： 中国智造  畅销海外 ， 跨境收款攀上年度流量高峰 - 保险 - 金融界,insurance.jrj.com.cn,http://insurance.jrj.com.cn/2021/12/30161534097134.shtml,US-China Trade Relations,US-China; trade war; tariffs; sanctions,Trade Policy / Geopolitics,
102,2022-01-01,金言 ： 中国还有18亿亩耕地吗 ？ | 中国耕地 | 卖地造城 | 圈钱圈地,epochtimes.com,https://www.epochtimes.com/gb/22/1/1/n13474960.htm,US-China Trade Relations,US-China; trade war; tariffs; sanctions,Trade Policy / Geopolitics,
103,2022-01-01,У Луцькій громаді подорожчала вода,volynnews.com,https://www.volynnews.com/news/all/u-lutskiy-hromadi-podorozhchala-voda/,US-China Trade Relations,US-China; trade war; tariffs; sanctions,Trade Policy / Geopolitics,
104,2022-01-01,YouTuber xem  30 tỷ là rác  có gây tranh cãi hơn người đẹp nhiều lần bị VTV  tuýt còi ? ,24h.com.vn,https://www.24h.com.vn/giai-tri/youtuber-xem-30-ty-la-rac-co-gay-tranh-cai-hon-nguoi-dep-nhieu-lan-bi-vtv-tuyt-coi-c731a1319912.html,US-China Trade Relations,US-China; trade war; tariffs; sanctions,Trade Policy / Geopolitics,
105,2022-01-01,Bolu Belediyesinin yabancılara yönelik  su ve nikah zammı  nın yürütmesi durduruldu,ogunhaber.com,https://www.ogunhaber.com/genel/bolu-belediyesinin-yabancilara-yonelik-su-ve-nikah-zamminin-yurutmesi-durduruldu-2258217h.html,US-China Trade Relations,US-China; trade war; tariffs; sanctions,Trade Policy / Geopolitics,
106,2022-01-01,Infoline | Новость : В Україні відсьогодні підвищуються тарифи на воду,infoline.ua,https://infoline.ua/news/economics/Finansy/v-ukrayini-vidsogodni-pidvishuyutsya-tarifi-na-vodu_391047.html,US-China Trade Relations,US-China; trade war; tariffs; sanctions,Trade Policy / Geopolitics,
107,2022-01-01,"Новые тарифы , цены , пенсии и налоги : что изменится в Украине с 1 января",vesti-ua.net,https://vesti-ua.net/novosti/obschestvo/203350-novye-tarify-ceny-pensii-i-nalogi-chto-izmenitsya-v-ukraine-s-1-yanvarya.html,US-China Trade Relations,US-China; trade war; tariffs; sanctions,Trade Policy / Geopolitics,
108,2022-01-01,"Yearender : After Another Year Of Hardship , People In Mideast ... ",menafn.com,https://menafn.com/1103472675/Yearender-After-Another-Year-Of-Hardship-People-In-Mideast-Keep-Hope-Alive-For-Better-Life,US-China Trade Relations,US-China; trade war; tariffs; sanctions,Trade Policy / Geopolitics,
109,2022-01-01,Bolu Belediyesinin Yabancýlara Yönelik  Su Ve Nikah Zammý  nýn Yürütmesi Durduruldu,memurlar.net,https://www.memurlar.net/haber/1008527/bolu-belediyesinin-yabancilara-yonelik-su-ve-nikah-zammi-nin-yurutmesi-durduruldu.html,US-China Trade Relations,US-China; trade war; tariffs; sanctions,Trade Policy / Geopolitics,
110,2022-01-01,Bolu Belediyesinin yabancılara yönelik  su ve nikah zammı  nın yürütmesi durduruldu,konhaber.com,https://www.konhaber.com/haber-bolu_belediyesinin_yabancilara_yonelik_su_ve_nikah_zammi_nin_yurutmesi_durduruldu-1682110.html,US-China Trade Relations,US-China; trade war; tariffs; sanctions,Trade Policy / Geopolitics,
111,2022-01-01,"Главные фильмы 2021 года , которые стоит пересмотреть",info.sibnet.ru,https://info.sibnet.ru/article/606465/,US-China Trade Relations,US-China; trade war; tariffs; sanctions,Trade Policy / Geopolitics,
112,2022-01-01,Bolu Belediyesinin yabancılara yönelik  su ve nikah zammı  nın yürütmesi durduruldu,haberler.com,https://www.haberler.com/bolu-belediyesinin-yabancilara-yonelik-su-ve-nikah-14639635-haberi/,US-China Trade Relations,US-China; trade war; tariffs; sanctions,Trade Policy / Geopolitics,
113,2022-01-01,Bolu Belediyesinin yabancılara yönelik  su ve nikah zammı  nın yürütmesi durduruldu,sondakika.com,https://www.sondakika.com/haber/haber-bolu-belediyesinin-yabancilara-yonelik-su-ve-nikah-14639635/,US-China Trade Relations,US-China; trade war; tariffs; sanctions,Trade Policy / Geopolitics,
114,2022-01-01,В Україні збільшилася вартість оформлення біометричних документів,ua.interfax.com.ua,https://ua.interfax.com.ua/news/general/789461.html,US-China Trade Relations,US-China; trade war; tariffs; sanctions,Trade Policy / Geopolitics,
115,2022-01-01,全球规模最大自由贸易协定生效 ， 湖南迎重大利好 - 今日关注 - 湖南在线,hunan.voc.com.cn,http://hunan.voc.com.cn/article/202201/202201012252492816.html,US-China Trade Relations,US-China; trade war; tariffs; sanctions,Trade Policy / Geopolitics,
116,2022-01-01,Buộc lao động công ích để trị vi phạm giao thông,nld.com.vn,https://nld.com.vn/ban-doc/buoc-lao-dong-cong-ich-de-tri-vi-pham-giao-thong-20171214212312151.htm,US-China Trade Relations,US-China; trade war; tariffs; sanctions,Trade Policy / Geopolitics,
117,2022-01-01,RCEP国际货运班列在广西发出 - 广西新闻网,news.gxnews.com.cn,http://news.gxnews.com.cn/staticpages/20220101/newgx61d05f8f-20598529.shtml,US-China Trade Relations,US-China; trade war; tariffs; sanctions,Trade Policy / Geopolitics,
118,2022-01-01,RCEP国际货运班列在广西发出 - 广西新闻网,gxnews.com.cn,http://www.gxnews.com.cn/staticpages/20220101/newgx61d05f8f-20598530.shtml,US-China Trade Relations,US-China; trade war; tariffs; sanctions,Trade Policy / Geopolitics,
119,2022-01-01,华为事件外 ， 爆出头盔要走口罩之路 ？ ABB年底推 _ 華僑時報,chinesepress.com,http://www.chinesepress.com/Character/379324.html,US-China Trade Relations,US-China; trade war; tariffs; sanctions,Trade Policy / Geopolitics,
120,2022-01-01,RCEP今起生效 SMC （ 中国 ） 获批首家RCEP项下经核准出口商,news.cyol.com,http://news.cyol.com/gb/articles/2022-01/01/content_z24bNSYlq.html,US-China Trade Relations,US-China; trade war; tariffs; sanctions,Trade Policy / Geopolitics,
121,2022-01-01,AK Partili isimden zam yorumu : Anlık tepkiye lüzum yok,dogruhaber.com.tr,https://dogruhaber.com.tr/haber/803462-ak-partili-isimden-zam-yorumu-anlik-tepkiye-luzum-yok/,US-China Trade Relations,US-China; trade war; tariffs; sanctions,Trade Policy / Geopolitics,
122,2022-01-01,中国未履约 未增加对美采买 | 中國報 China Press,chinapress.com.my,https://www.chinapress.com.my/20220101/%E4%B8%AD%E5%9B%BD%E6%9C%AA%E5%B1%A5%E7%BA%A6-%E6%9C%AA%E5%A2%9E%E5%8A%A0%E5%AF%B9%E7%BE%8E%E9%87%87%E4%B9%B0/,US-China Trade Relations,US-China; trade war; tariffs; sanctions,Trade Policy / Geopolitics,
123,2022-01-01,RCEP生效對台灣政治及經濟的影響 - 何偉的部落格,blog.udn.com,http://blog.udn.com/H101094880/171075268,US-China Trade Relations,US-China; trade war; tariffs; sanctions,Trade Policy / Geopolitics,
124,2022-01-01,RCEP全面落地 ！ 江苏迎来RCEP项下全国首份原产地声明 _ 中华网,tech.china.com,https://tech.china.com/article/20220101/20220101974703.html,US-China Trade Relations,US-China; trade war; tariffs; sanctions,Trade Policy / Geopolitics,
125,2022-01-01,RCEP倒计时 ： 中国智造  畅销海外 ， 跨境收款攀上年度流量高峰 - 保险 - 金融界,insurance.jrj.com.cn,http://insurance.jrj.com.cn/2021/12/30161534097000.shtml,US-China Trade Relations,US-China; trade war; tariffs; sanctions,Trade Policy / Geopolitics,
126,2022-01-01,В Україні від сьогодні підвищуються тарифи на воду Гроші tsn . ua,tsn.ua,https://tsn.ua/groshi/v-ukrayini-zrosli-tarifi-na-vodu-skilki-dovedetsya-platiti-vid-1-sichnya-1944889.html,US-China Trade Relations,US-China; trade war; tariffs; sanctions,Trade Policy / Geopolitics,
127,2022-01-01,Why 2022 Will Not See India and US Become Global Strategic – Indian Defence Research Wing,idrw.org,http://idrw.org/why-2022-will-not-see-india-and-us-become-global-strategic/,US-China Trade Relations,US-China; trade war; tariffs; sanctions,Trade Policy / Geopolitics,
128,2022-01-01,真相 |  强迫劳动  这种把戏 ， 美国玩得666 - 看点,voc.com.cn,https://www.voc.com.cn/article/202201/202201011950177023.html,US-China Trade Relations,US-China; trade war; tariffs; sanctions,Trade Policy / Geopolitics,
129,2022-01-01,RCEP於1月1日正式生效 ， 中國商務副部長 ： 為中國經濟成長注入新的動力 - The News Lens 關鍵評論網,thenewslens.com,https://www.thenewslens.com/article/160975,US-China Trade Relations,US-China; trade war; tariffs; sanctions,Trade Policy / Geopolitics,
130,2022-01-01,Не може бути компромісу з агресором заради миру – посол України в США Маркарова,radiosvoboda.org,https://www.radiosvoboda.org/a/intervyu-posla-v-ssha-markarovoyi/31633611.html,US-China Trade Relations,US-China; trade war; tariffs; sanctions,Trade Policy / Geopolitics,
131,2022-01-01,RCEP为疫后全球经济复苏注入强劲动力 _ 腾讯新闻,new.qq.com,https://new.qq.com/omn/TWF20220/TWF2022010100388700.html,US-China Trade Relations,US-China; trade war; tariffs; sanctions,Trade Policy / Geopolitics,
132,2022-01-01,中国多地签发首批RCEP原产地证书 - 千龙网 · 中国首都网,china.qianlong.com,http://china.qianlong.com/2022/0101/6718335.shtml,US-China Trade Relations,US-China; trade war; tariffs; sanctions,Trade Policy / Geopolitics,
133,2022-01-01,重庆签发首批RCEP原产地证书 出口目的国为日本 - 千龙网 · 中国首都网,china.qianlong.com,http://china.qianlong.com/2022/0101/6718416.shtml,US-China Trade Relations,US-China; trade war; tariffs; sanctions,Trade Policy / Geopolitics,
134,2022-01-01,Pêche illicite en Guinée : trois navires chinois arraisonnés avec des ailerons de requins à bord,aminata.com,https://aminata.com/peche-illicite-guinee-trois-navires-chinois-arraisonnes-ailerons-de-requins-a-bord/,US-China Trade Relations,US-China; trade war; tariffs; sanctions,Trade Policy / Geopolitics,
135,2022-01-01,内幕 ： 赌王周焯华人生起灭 涉中共权斗 | 洗米华 | 澳门小赌王 | 赌王何鸿燊,epochtimes.com,https://www.epochtimes.com/gb/22/1/1/n13473867.htm,US-China Trade Relations,US-China; trade war; tariffs; sanctions,Trade Policy / Geopolitics,
136,2022-01-01,原油周评 ： 油价创11月下旬以来新高 ， 受三方面利好提振 _ 期市动态 _ 期货 _ 中金在线,futures.cnfol.com,http://futures.cnfol.com/qishidongtai/20220101/29360234.shtml,US-China Trade Relations,US-China; trade war; tariffs; sanctions,Trade Policy / Geopolitics,
137,2022-01-01,Deployment of first regiment of S - 400 to be completed next month | India News,timesofindia.indiatimes.com,https://timesofindia.indiatimes.com/india/deployment-of-first-regiment-of-s-400-to-be-completed-next-month/articleshow/88635453.cms,US-China Trade Relations,US-China; trade war; tariffs; sanctions,Trade Policy / Geopolitics,
138,2022-01-01,Superbilionários ficaram US$ 1 tri mais ricos em 2021 . Veja lista,oglobo.globo.com,https://oglobo.globo.com/economia/superbilionarios-ficaram-us-1-tri-mais-ricos-em-2021-veja-lista-25338294,Global Geopolitical Risk,geopolitical risk; geopolitical tensions; conflict; risk aversion,Geopolitical Risk,
139,2022-01-01,Governo dos EUA pede novo adiamento da 5G para estudar interferência com aviões,correiodopovo.com.br,https://www.correiodopovo.com.br/jornalcomtecnologia/governo-dos-eua-pede-novo-adiamento-da-5g-para-estudar-interfer%C3%AAncia-com-avi%C3%B5es-1.749224,Global Geopolitical Risk,geopolitical risk; geopolitical tensions; conflict; risk aversion,Geopolitical Risk,
140,2022-01-01,"Bebé do Ano Novo , o oráculo do século XX que nasceu das mãos de um ilustrador",dn.pt,https://www.dn.pt/sociedade/bebe-do-ano-novo-o-oraculo-do-seculo-xx-que-nasceu-das-maos-de-um-ilustrador-14452108.html,Global Geopolitical Risk,geopolitical risk; geopolitical tensions; conflict; risk aversion,Geopolitical Risk,
141,2022-01-01,EUA pedem adiamento da 5G para estudar interferência com aviões,istoedinheiro.com.br,https://www.istoedinheiro.com.br/governo-dos-eua-pede-novo-adiamento-da-5g-para-estudar-interferencia-com-avioes/,Global Geopolitical Risk,geopolitical risk; geopolitical tensions; conflict; risk aversion,Geopolitical Risk,
142,2022-01-01,Governo dos EUA pede novo adiamento da 5G para estudar interferência com aviões,istoe.com.br,https://istoe.com.br/governo-dos-eua-pede-novo-adiamento-da-5g-para-estudar-interferencia-com-avioes/,Global Geopolitical Risk,geopolitical risk; geopolitical tensions; conflict; risk aversion,Geopolitical Risk,
143,2022-01-01,Governo dos EUA pede novo adiamento da 5G para estudar interferência com aviões,cartacapital.com.br,https://www.cartacapital.com.br/mundo/governo-dos-eua-pede-novo-adiamento-da-5g-para-estudar-interferencia-com-avioes/,Global Geopolitical Risk,geopolitical risk; geopolitical tensions; conflict; risk aversion,Geopolitical Risk,
144,2022-01-01,В Голосіївському районі засудили юнака до 13 років позбавлення волі за вбивство 18 - річної дівчини,moygrad.kiev.ua,http://moygrad.kiev.ua/2022/01/01/v-golosiyivskomu-rajoni-zasudili-yunaka-do-13-rokiv-pozbavlennya-voli-za-vbivstvo-18-richnoyi-divchini/,Global Geopolitical Risk,geopolitical risk; geopolitical tensions; conflict; risk aversion,Geopolitical Risk,
145,2022-01-01,路边野花不採白不採 _ 文学城博客,blog.wenxuecity.com,https://blog.wenxuecity.com/myblog/38115/202201/460.html,Global Geopolitical Risk,geopolitical risk; geopolitical tensions; conflict; risk aversion,Geopolitical Risk,
146,2022-01-01,كيف يساعد البنك الدولي الفقراء ؟ ,alghad.com,https://alghad.com/%D9%83%D9%8A%D9%81-%D9%8A%D8%B3%D8%A7%D8%B9%D8%AF-%D8%A7%D9%84%D8%A8%D9%86%D9%83-%D8%A7%D9%84%D8%AF%D9%88%D9%84%D9%8A-%D8%A7%D9%84%D9%81%D9%82%D8%B1%D8%A7%D8%A1%D8%9F/,Global Geopolitical Risk,geopolitical risk; geopolitical tensions; conflict; risk aversion,Geopolitical Risk,
147,2022-01-01,Governo dos EUA pede novo adiamento da 5G para estudar interferência com aviões,noticias.uol.com.br,https://noticias.uol.com.br/ultimas-noticias/afp/2022/01/01/governo-dos-eua-pede-novo-adiamento-da-5g-para-estudar-interferencia-com-avioes.htm,Global Geopolitical Risk,geopolitical risk; geopolitical tensions; conflict; risk aversion,Geopolitical Risk,
148,2022-01-01,Superbilionários ficaram um US$ tri mais ricos em 2021 . Veja lista,oglobo.globo.com,https://oglobo.globo.com/economia/superbilionarios-ficaram-um-us-tri-mais-ricos-em-2021-veja-lista-25338294,Global Geopolitical Risk,geopolitical risk; geopolitical tensions; conflict; risk aversion,Geopolitical Risk,
149,2022-01-01,10 Things You Absolutely Must Know Before Renting An Office In Lebanon,the961.com,https://www.the961.com/things-to-know-before-renting-an-office-lebanon/,Global Geopolitical Risk,geopolitical risk; geopolitical tensions; conflict; risk aversion,Geopolitical Risk,
150,2022-01-01,방문규 수출입은행장 신년사  K - 공급망 구축에 총력 지원  ,ilyo.co.kr,https://ilyo.co.kr/?ac=article_view&entry_id=420177,Global Geopolitical Risk,geopolitical risk; geopolitical tensions; conflict; risk aversion,Geopolitical Risk,
151,2022-01-01,新年第一天 ， 不得不说的八句话,huxiu.com,https://www.huxiu.com/article/487061.html,Global Geopolitical Risk,geopolitical risk; geopolitical tensions; conflict; risk aversion,Geopolitical Risk,
152,2022-01-01,在阅读中寻路当下｜ 《 财经 》 2021年度好书 _ 财经精选 _ 财经网 - CAIJING . COM . CN,yuanchuang.caijing.com.cn,http://yuanchuang.caijing.com.cn/2022/0102/4830679.shtml,Global Geopolitical Risk,geopolitical risk; geopolitical tensions; conflict; risk aversion,Geopolitical Risk,
153,2022-01-01,Il conflitto united states - Cina e la salvezza del pianeta  - Sbilanciamoci - Leconomia com  è e come può essere . Per unItalia capace di futuro,sbilanciamoci.info,https://sbilanciamoci.info/il-conflitto-usa-cina-e-la-salvezza-del-pianeta/,Global Geopolitical Risk,geopolitical risk; geopolitical tensions; conflict; risk aversion,Geopolitical Risk,
154,2022-01-01,"No ano dos superbilionários , os 500 mais ricos no mundo ganharam US$ 1 tri em 2021",oglobo.globo.com,https://oglobo.globo.com/economia/no-ano-dos-superbilionarios-os-500-mais-ricos-no-mundo-ganharam-us-1-tri-em-2021-25338294,Global Geopolitical Risk,geopolitical risk; geopolitical tensions; conflict; risk aversion,Geopolitical Risk,
155,2022-01-01,Il conflitto united states - Cina e la salvezza del pianeta  - Sbilanciamoci - Leconomia com  è e come può essere . Per unItalia capace di futuro,sbilanciamoci.info,http://sbilanciamoci.info/il-conflitto-usa-cina-e-la-salvezza-del-pianeta/,Global Geopolitical Risk,geopolitical risk; geopolitical tensions; conflict; risk aversion,Geopolitical Risk,
156,2022-01-01,В Украине увеличился прожиточный минимум и минимальная зарплата,gazeta.ua,https://gazeta.ua/ru/articles/economics/_v-ukraine-uvelichilsya-prozhitochnyj-minimum-i-minimalnaya-zarplata/1065384,Global Geopolitical Risk,geopolitical risk; geopolitical tensions; conflict; risk aversion,Geopolitical Risk,
157,2022-01-01,His Excellency Ambassador Justin Sun Is Going to Space in 2022,cryptonews.com,https://cryptonews.com/exclusives/his-excellency-ambassador-justin-sun-going-space-2022.htm,Global Geopolitical Risk,geopolitical risk; geopolitical tensions; conflict; risk aversion,Geopolitical Risk,
158,2022-01-01,"Metaversi , teknologjia e pastër , hapësira e militarizuar : Pesë zhvillime teknologjike për ti ndjekur gjatë vitit 2022",telegrafi.com,https://telegrafi.com/metaversi-teknologjia-e-paster-hapesira-e-militarizuar-pese-zhvillime-teknologjike-per-ti-ndjekur-gjate-vitit-2022/,Global Geopolitical Risk,geopolitical risk; geopolitical tensions; conflict; risk aversion,Geopolitical Risk,
159,2022-01-01,Trẻ em tiếp tục là nạn nhân của xung đột vũ trang và bạo lực | Thế giới,vietnamplus.vn,https://www.vietnamplus.vn/tre-em-tiep-tuc-la-nan-nhan-cua-xung-dot-vu-trang-va-bao-luc/766259.vnp,Global Geopolitical Risk,geopolitical risk; geopolitical tensions; conflict; risk aversion,Geopolitical Risk,
160,2022-01-01,  Αρθρα - Απόψεις - Στύξ - Ανεξάρτητη Πολιτισμική και Πολιτική Εφημερίδα της Βόρειας Πελοποννήσου,styga.gr,http://www.styga.gr/?section=1849&language=el_GR&itemid1541=47531&detail1541=1,Global Geopolitical Risk,geopolitical risk; geopolitical tensions; conflict; risk aversion,Geopolitical Risk,
161,2022-01-01,  Cắt giảm hàng trăm chiếc . Vì sao Mỹ loại biên những máy bay từng tham gia các chiến dịch quân sự,vn.sputniknews.com,https://vn.sputniknews.com/20220101/cat-giam-hang-tram-chiec-vi-sao-my-loai-bien-nhung-may-bay-tung-tham-gia-cac-chien-dich-quan-su-12953424.html,Global Geopolitical Risk,geopolitical risk; geopolitical tensions; conflict; risk aversion,Geopolitical Risk,
162,2022-01-01,Filmske premijere koje išèekujemo u 2022 . godini,b92.net,https://www.b92.net/kultura/vesti.php?dd=01&mm=01&nav_category=268&nav_id=2081500&yyyy=2022,Global Geopolitical Risk,geopolitical risk; geopolitical tensions; conflict; risk aversion,Geopolitical Risk,
163,2022-01-01,Փաշինյան ․ 2022 - ի նշանաբանը հենց Վերածնունդը պիտի լինի,azatutyun.am,https://www.azatutyun.am/a/31635511.html,Global Geopolitical Risk,geopolitical risk; geopolitical tensions; conflict; risk aversion,Geopolitical Risk,
164,2022-01-01,  灵魂画手  现身 ： 美国2021年出了哪些幺蛾子 ？ ,81.cn,http://www.81.cn/pl/2022-01/01/content_10120075.htm,Global Geopolitical Risk,geopolitical risk; geopolitical tensions; conflict; risk aversion,Geopolitical Risk,
165,2022-01-01,قطاعات الإغاثة والصحة والتعليم تتصدر أولويات,alanba.com.kw,https://www.alanba.com.kw/1093255/,Global Geopolitical Risk,geopolitical risk; geopolitical tensions; conflict; risk aversion,Geopolitical Risk,
166,2022-01-01,"Stati Uniti - Pandemia , inflazione e riforme mancate con vista sulle elezioni di Midterm : nel 2022 Joe Biden si gioca tutto",ilfattoquotidiano.it,https://www.ilfattoquotidiano.it/2022/01/01/stati-uniti-pandemia-inflazione-e-riforme-mancate-con-vista-sulle-elezioni-di-midterm-nel-2022-joe-biden-si-gioca-tutto/6442102/,Global Geopolitical Risk,geopolitical risk; geopolitical tensions; conflict; risk aversion,Geopolitical Risk,
167,2022-01-01,  灵魂画手  现身 ： 美国2021年出了哪些幺蛾子 ？- 新闻中心 - 南海网,hinews.cn,http://www.hinews.cn/news/system/2022/01/01/032677695.shtml,Global Geopolitical Risk,geopolitical risk; geopolitical tensions; conflict; risk aversion,Geopolitical Risk,
168,2022-01-01,Irak yeni yıla eski krizlerin gölgesinde giriyor,turkish.aawsat.com,https://turkish.aawsat.com/home/article/3389971/irak-yeni-y%C4%B1la-eski-krizlerin-g%C3%B6lgesinde-giriyor,Global Geopolitical Risk,geopolitical risk; geopolitical tensions; conflict; risk aversion,Geopolitical Risk,
169,2022-01-01,وول ستريت جورنال : العقوبات الأمريكية تُقرب بين إيران وطالبان,alquds.co.uk,https://www.alquds.co.uk/%D9%88%D9%88%D9%84-%D8%B3%D8%AA%D8%B1%D9%8A%D8%AA-%D8%AC%D9%88%D8%B1%D9%86%D8%A7%D9%84-%D8%A7%D9%84%D8%B9%D9%82%D9%88%D8%A8%D8%A7%D8%AA-%D8%A7%D9%84%D8%A3%D9%85%D8%B1%D9%8A%D9%83%D9%8A%D8%A9-%D8%AA/,Global Geopolitical Risk,geopolitical risk; geopolitical tensions; conflict; risk aversion,Geopolitical Risk,
170,2022-01-01,RCEP ： 为疫后全球经济复苏注入强劲动力 - 中新网辽宁频道,ln.chinanews.com.cn,http://www.ln.chinanews.com.cn/news/2022/0101/317623.html,Global Geopolitical Risk,geopolitical risk; geopolitical tensions; conflict; risk aversion,Geopolitical Risk,
171,2022-01-01,2022  de Türkiyeyi Bekleyen Zorluklar : BBCden İç Karartan Analiz,medyafaresi.com,https://www.medyafaresi.com/haber/2022de-turkiyeyi-bekleyen-zorluklar-bbcden-ic-karartan-analiz/978749,Global Geopolitical Risk,geopolitical risk; geopolitical tensions; conflict; risk aversion,Geopolitical Risk,
172,2022-01-01,  灵魂画手  现身 ： 美国2021年出了哪些幺蛾子 ？ - 西部网 （ 陕西新闻网 ） ,news.cnwest.com,http://news.cnwest.com/szyw/a/2022/01/01/20206919.html,Global Geopolitical Risk,geopolitical risk; geopolitical tensions; conflict; risk aversion,Geopolitical Risk,
173,2022-01-01,风向丨经历过2021的五种情绪 美国悄悄地变了,news.ifeng.com,https://news.ifeng.com/c/8CSCxa5GOhF,Global Geopolitical Risk,geopolitical risk; geopolitical tensions; conflict; risk aversion,Geopolitical Risk,
174,2022-01-01,国社  灵魂画手  现身 ： 美国2021年出了哪些幺蛾子 ？ ,news.sina.com.cn,https://news.sina.com.cn/o/2022-01-01/doc-ikyamrmz2601328.shtml,Global Geopolitical Risk,geopolitical risk; geopolitical tensions; conflict; risk aversion,Geopolitical Risk,
175,2022-01-01,2022  de Türkiyeyi diplomaside hangi zorluklar ve fırsatlar bekliyor ? - HABERDAR,haberdar.com,http://www.haberdar.com/gundem/2022-de-turkiye-yi-diplomaside-hangi-zorluklar-ve-firsatlar-bekliyor-h218795.html,Global Geopolitical Risk,geopolitical risk; geopolitical tensions; conflict; risk aversion,Geopolitical Risk,
