Date,Title,Source,URL,Event,Keyword,Category,Text
2021-03-12,Dollar rises with Treasury yields as economic prospects rise,CNBC,https://www.cnbc.com/2021/03/12/forex-markets-bond-yield-moves-dollar-and-inflation.html,US Fiscal Stimulus + Rising Treasury Yields,US fiscal stimulus; Treasury yields; USD; inflation,Fiscal Policy / Interest Rates,"The dollar rose on Friday following a fresh spike in Treasury yields as the prospect of economies emerging from year-long coronavirus lockdowns reignited inflation fears.

Market participants have grown wary in recent weeks that massive fiscal stimulus and pent-up consumer demand could lead to a jump in inflation as expanding vaccination campaigns bring an end to lockdowns.

Data on Friday showed U.S. producer prices (PPI) had their largest annual gain in nearly 2-1/2 years, though considerable slack in the labor market could make it harder for businesses to pass the higher costs on to consumers.

The U.S. economy is set to get a massive shot in the arm after President Joe Biden signed a $1.9 trillion stimulus bill into law on Thursday and urged U.S. states to make all adults eligible for a coronavirus vaccine by May 1.

A selloff in Treasuries overnight continued into the U.S. session, with the yield on the benchmark 10-year note hitting a fresh one-year high of 1.6420%, helped by optimism around U.S. economic prospects.

The dollar was up 0.25% at 91.668 against a basket of six major currencies, leaving it on track to end the week slightly lower.

The greenback hit an intraday high of 92.506 when yields surged on Tuesday, which was its strongest since November, but recorded three straight days of losses as yields stabilized.

“Bond yields have been in a very strong uptrend and with the PPI numbers somewhat higher than consensus, that’s contributing to the rise,” said Kathy Lien, managing director at BK Asset Management.

“That’s widely positive for the dollar, as the greenback has been taking its cues from yields and these new highs are really encouraging more demand for the greenback, especially at a time when you have the ECB accelerating bond purchases and being a little bit more dovish,” she said.

The European Central Bank said on Thursday that it would increase the pace of its money printing to prevent a rise in euro zone bond yields in support of the economic recovery.

Although the euro was down 0.3% at $1.19505, it was set for a small weekly gain.

Traders will be looking to the U.S. Federal Reserve’s policy meeting next week for any comments about rising yields.

They are also keen for any information on the upcoming expiry of the Fed’s temporary easing of the “supplementary leverage ratio” (SLR), which seems to be part of the reason behind the sell-off in Treasuries, said Erik Bregar, director and head of FX strategy at the Exchange Bank of Canada.

The SLR directs large banks to hold more capital against their assets. Last April, the Fed eased the rules by exempting certain investments, including Treasuries, from a key leverage calculation in an effort to improve market liquidity as the economy cratered due to coronavirus shutdowns. So far there has been no word from the Fed on a possible extension.

“Primary dealers are shedding bonds because this exemption might not get renewed at the end of March,” Bregar said.

Riskier currencies gave back some recent gains on Friday. The Australian dollar - which is seen as a liquid proxy for risk appetite - fell by 0.35% to 0.77595 versus the U.S. dollar .

The New Zealand dollar was down 0.68% against the greenback at 0.7178. The Norwegian crown lost out to both the euro and dollar.

Dollar-yen was up around 0.52%, changing hands at 109.050 , close to the 109.235 reached on Tuesday, which had been the yen’s weakest since June 2020.

Elsewhere, bitcoin dropped 1.1% to $57,150.97, having come close to, but not exceeded, its recent record high of $58,354.14 ."
2021-09-29,Dollar stands tall as traders brace for tapering,Reuters,https://www.reuters.com/business/dollar-stands-tall-traders-brace-tapering-2021-09-29/,Fed Tapering + Treasury Yields,Fed tapering; Treasury yields; USD; interest rates,Monetary Policy,"""SINGAPORE, Sept 29 (Reuters) - The dollar traded near its highest levels of the year on Wednesday, after driving higher with U.S. yields and benefiting from investor nervousness about the Federal Reserve starting to withdraw policy support just as global growth headwinds gather.The dollar rose broadly overnight to lift the dollar index to an 11-month high of 93.805. It was marginally below that level early in the Asia session at 92.728.
U.S. Treasury yields have surged - with benchmark 10-year rates up 25 basis points in five sessions to 1.5548% - as Fed tapering looms before the year's end and as inflation starts to look stickier than first thought.
The Japanese yen , which is sensitive to U.S. yields as higher rates can draw flows from Japan, has fallen about 2% in five sessions and at 111.57 per dollar is not far from hitting its lowest level since February 2020.
The euro fell to a one-month low overnight and, last buying $1.1684, is also testing major support levels around its 2021 low of $1.1664 and its November 2020 low of $1.1602. Along with the Fed's hawkish tone, energy prices are surging and concerns are gathering about the growth outlook in China - now at risk both from a messy collapse at developer China Evergrande and rolling power outages that are hitting output. read more
""""Compared to the unencumbered optimism at the start of the year, it is a twilight zone for markets as 2021 approaches its end,"""" Deutsche bank strategists said in note that upgraded forecasts on the dollar and recommended a bet against the euro.
""""Persistently stagflationary dynamics - lower growth but a hawkish Fed - leave little room for a dollar downtrend,"""" they said.
Sterling copped a particular beating overnight as concern over the economic impact of a shortage of gas and a scramble for fuel pulled it 1.2% lower on the stronger dollar, its largest daily fall in more than a year. The Australian and New Zealand dollars also suffered and the kiwi hit a one-month low. Central bank meetings loom next week in both countries and swaps pricing points to the Reserve Bank of New Zealand following Norges Bank and lifting rates.
""""NZD/USD remains stuck around $0.7000, as the effect of the hawkish RBNZ is offset by increasing expectations of the Fed,"""" said Westpac analyst Imre Speizer.
The kiwi was last at $0.6947 and the Aussie at $0.7248.
Ahead on Wednesday, Japan's ruling party votes for a new leader who will almost certainly become the country's next prime minister. read more
European Central Bank (ECB) President Christine Lagarde, Fed Chair Jerome Powell, Bank of England Governor Andrew Bailey and Bank of Japan Governor Haruhiko Kuroda are panelists at an ECB forum."""
2022-08-02,"Wall Street dips, dollar gains on economic, geopolitical concerns",investing.com,https://www.investing.com/news/economy/asian-stocks-slide-with-oil-on-recession-jitters-dollar-drops-2859933,US-China / Taiwan Tensions,US-China tensions; Taiwan; markets; dollar; USD,Geopolitical Tension,"NEW YORK (Reuters) - U.S. stocks ended a choppy session lower on Tuesday, while the dollar rallied as risk appetite was dampened by economic uncertainties and escalating U.S.-China tensions.

All three major U.S. stock indexes closed red, with the blue-chip Dow faring worst. Economically sensitive transports underperformed the broader market.

Meanwhile, the safe-haven greenback had a better day than most asset classes, jumping 0.8% against a basket of world currencies.

U.S. House of Representatives Speaker Nancy Pelosi's arrival in Taipei, despite warnings from Beijing, prompted Chinese war planes to buzz the Taiwan Strait in protest.

""There is the uncertainty surrounding Pelosi’s trip to Taiwan and there’s additional data, regarding economic softness,"" said Sam Stovall, chief investment strategist of CFRA Research in New York. ""Regarding recession, it’s not a question of 'if' but 'when and how deep.'""

On the economic front, a report from the Labor Department showed job openings in the United States dropped by 5.4% in June, a sign that the labor market is easing amid softening demand.

That softening demand for workers could translate to cooling wage inflation, and analysts expect Friday's employment report to show hourly earnings growth cooled 0.2 percentage point last month to 4.9%.

Still, comments by Fed officials suggested more interest rate hikes are in the offing.

""What’s happening in the markets is a push-and-pull about where we are economically,"" said Paul Nolte, portfolio manager at Kingsview Asset Management in Chicago. ""It’s a matter of whether the Fed continue to raise rates to fight inflation or pivot and stop raising rates as the economy weakens."" The Dow Jones Industrial Average fell 402.23 points, or 1.23%, to 32,396.17, the S&P 500 lost 27.44 points, or 0.67%, to 4,091.19 and the Nasdaq Composite dropped 20.22 points, or 0.16%, to 12,348.76.

Weak economic data and rising Sino-U.S. tensions also pulled European stocks to a lower close.

The pan-European STOXX 600 index lost 0.32% and MSCI's gauge of stocks across the globe shed 0.93%.

Emerging market stocks lost 1.25%. MSCI's broadest index of Asia-Pacific shares outside Japan closed 1.26% lower, while Japan's Nikkei lost 1.42%.

U.S. Treasury yields edged higher amid volatile trading, hawkish comments from the Fed helped investors look past the brewing geopolitical turmoil over Pelosi's Taiwan visit.

Benchmark 10-year notes last fell 43/32 in price to yield 2.761%, from 2.605% late on Monday.

The 30-year bond last fell about 3/4 in price to yield 3.0268%, from 2.925% late on Monday.

Crude prices advanced ahead of the OPEC+ meeting of oil producers expected this week, who could opt against increasing global crude supply amid signs of waning demand.

U.S. crude rose 0.56% to settle at $94.42 per barrel, while Brent settled at $100.54 per barrel, up 0.51% on the day.

The dollar reversed recent losses against a basket of world currencies.

The dollar index rose 0.79%, with the euro down 0.93% to $1.0166.

The Japanese yen weakened 1.12% versus the greenback at 133.13 per dollar, while sterling was last trading at $1.2166, down 0.67% on the day."
2022-08-03,Asian stocks gain as investors weigh risk from Pelosi Taiwan visit,taiwannews.com,https://www.taiwannews.com.tw/news/4615205,Pelosi Taiwan Visit,US-China tensions; Taiwan; Pelosi; dollar; USD,Geopolitical Tension,"Stocks rose in volatile trading across Asia on Wednesday and the dollar pared early gains as investors weighed the potential fallout from U.S. House Speaker Nancy Pelosi's visit to Taiwan, which has angered China.



Bond yields were also helped as demand for the safest assets eased despite heightened tensions between the United States and China, which views Taiwan as a breakaway province.



""In the longer term, there will be more frictions between the U.S. and China,"" said Redmond Wong, Greater China market strategist at Saxo Markets in Hong Kong. ""We have already been seeing selling from overseas investors in Chinese equities.""



Japan's Nikkei (.N225) closed up 0.53%, rebounding from Tuesday's two-week closing low, while Hong Kong's Hang Seng (.HSI) gained 0.83% and Taiwan's TAIEX index (.TWII) rebounded from earlier losses to gain 0.2% at the close.



MSCI's broadest index of Asia-Pacific shares (.MIAP00000PUS) rose 0.19%, helped by the rally in Japan as bargain hunters came in following Tuesday's decline to a two-week closing low.



Australia's AXJO (.AXJO) fell 0.41% and Chinese blue chips lost 0.13%.



""Obviously, as investors in China, we would not like to see tensions escalate,"" said Thomas Masi, vice president and co-portfolio manager of the GW&K Emerging Wealth Strategy.



""And we don't see the benefit necessarily of this trip, but there could be something that we don't understand. On a risk-reward basis, should tensions ease, there's a lot more upside in these stocks.""



FTSE futures were down 0.20% and Euro STOXX 50 futures dropped 0.08% ahead of markets opening in Europe.



U.S. stock futures jumped 0.32%, following the S&P 500's 0.67% drop overnight.



A trio of Fed policymakers signalled on Tuesday that there would be no let up in the tightening campaign aimed at taming the highest inflation since the 1980s, even though it will take rates to a level that will more significantly curb economic activity.



Two of them, San Francisco Fed President Mary Daly and Chicago Fed President Charles Evans, are widely regarded as doves.



Traders now see a chance of around 39.5% that the Fed will hike by another 75 basis points at its next meeting in September.



The benchmark U.S. 10-year Treasury yields were around 2.71% in Tokyo, not far from the overnight high of 2.774% following a 14 basis point surge.



The U.S. dollar index , which gauges the currency against the yen and five other major peers, was 0.188% lower at 106.25, having rebounded as much as 1.43% overnight following its slide to a nearly one-month low at 105.03.



Gold gained 0.57% higher to $1,769.73 per ounce, but following a 0.68% retreat the previous session."
2023-03-13,Dollar slides as Fed rate hike expectations trimmed on SVB collapse,Reuters,https://theprint.in/business/dollar-slides-as-fed-rate-hike-expectations-trimmed-on-svb-collapse/1439571/,SVB Banking Crisis,SVB; banking crisis; Fed; interest rates; USD,Banking / Financial Crisis,"SINGAPORE/LONDON (Reuters) – The dollar fell on Monday on heightened expectations the Federal Reserve will be less aggressive with monetary policy as authorities stepped in to limit the fallout from the sudden collapse of Silicon Valley Bank. he U.S. government announced several measures early in the Asian trading day, saying all SVB customers will have access to their deposits starting on Monday The authorities also said depositors of New York’s Signature Bank, which was closed on Sunday by the New York state financial regulator, would be made whole at no loss to the taxpayer.

The Fed announced it would make additional funding available through a new Bank Term Funding Program, which would offer loans up to one year to depository institutions, backed by Treasuries and other assets these institutions hold.

The market turmoil from the SVB collapse led investors to speculate the Fed will no longer raise interest rates by a super-sized 50 basis points this month. Focus will now be on Tuesday’s inflation data to gauge how hawkish the Fed is likely to be.

The dollar index, which measures the U.S. currency against six others, slipped as much as 0.55% to near one-month lows of 103.67 after Goldman Sachs said it no longer expects the Fed to deliver a rate hike at its March 22 meeting. The index was last at 103.92. The market is now pricing a nearly 33% chance of the Fed sticking to its current rate and an 67% chance of a 25 basis point hike. In contrast, the market was pricing a 70% chance of a 50 basis point hike before the SVB collapse.

“There’s been a radical change in interest rate expectations and in that scenario the dollar has weakened,” said Niels Christensen, chief analyst at Nordea.

“The reason we’re seeing such repricing in rate hike expectations is the collapse of the banks. If we don’t see any spreading, expectations for rate hikes should be revived quickly.”

Meanwhile, the euro was up 0.67% at $1.0704, hovering near the one-month high of $1.0737 hit earlier, ahead of the European Central Bank’s policy meeting on Thursday.

“The ECB is still expected to deliver a 50-basis point hike,” Nordea’s Christensen added.

“The question is how hawkish will the ECB be. We think they’ll signal there will be more rate hikes to come.” Safe-haven currencies, such as the Japanese yen and Swiss franc benefited from the fallout from SVB.

The yen strengthened 0.8% to 133.88 per U.S. dollar, having touched a one-month high of 133.58 earlier in the session, while the greenback fell 0.6% versus the franc to 0.9155.

Sterling was last trading at $1.2105, up 0.57% on the day.

The Australian dollar surged 1.16% to $0.6659, and was on track for its biggest one-day percentage jump since Feb. 1. The kiwi gained 1% to trade at $0.6195.

The two-year U.S. Treasury yield, which typically moves in step with interest rate expectations, was down 23 basis points at 4.3575%, on track for its biggest three-day decline since Black Monday in 1987.

Bitcoin and other cryptocurrencies rallied over the weekend, with bitcoin last at $22,357 and ether at $1,595. "
2023-03-15,Fed criticized for missing red flags before bank collapse,AP,https://apnews.com/article/federal-reserve-silicon-valley-bank-regulation-609bde9b9248fbc590ff98775e0c8d49,SVB + Fed Policy,SVB; Federal Reserve; banking crisis; interest rates,Banking / Financial Crisis,"WASHINGTON (AP) — The Federal Reserve is facing stinging criticism for missing what observers say were clear signs that Silicon Valley Bank was at high risk of collapsing into the second-largest bank failure in U.S. history.

Critics point to many red flags surrounding the bank, including its rapid growth since the pandemic, its unusually high level of uninsured deposits and its many investments in long-term government bonds and mortgage-backed securities, which tumbled in value as interest rates rose.

“It’s inexplicable how the Federal Reserve supervisors could not see this clear threat to the safety and soundness of banks and to financial stability,” said Dennis Kelleher, chief executive of Better Markets, an advocacy group.

Wall Street traders and industry analysts “have been publicly screaming about these very issues for many, many months going back to last fall,” Kelleher added. The Fed was the primary federal supervisor of the bank based in Santa Clara, California, that failed last week. The bank was also overseen by the California Department of Financial Protection and Innovation.

Now the consequences of the fall of Silicon Valley Bank, along with New York-based Signature Bank, which failed over the weekend, are complicating the Fed’s upcoming decisions about how high to raise its benchmark interest rate in the fight against chronically high inflation.

Many economists say the central bank would likely have raised rates by an aggressive half-point next week at its meeting, which would amount to a step up in its inflation fight, after the Fed implemented a quarter-point hike in February. Its rate currently stands at about 4.6%, the highest level in 15 years.

Last week, many economists suggested that Fed policymakers would raise their projection for future rates next week to 5.6%. Now it’s suddenly unclear how many additional rate increases the Fed will forecast.

With the collapse of the two large banks fueling anxiety about other regional banks, the Fed may focus more on boosting confidence in the financial system than on its long-term drive to tame inflation. The latest government report on inflation, released Tuesday, shows that price increases remain far higher than the Fed prefers, putting Chair Jerome Powell in a tougher spot. Core prices, which exclude volatile food and energy costs and are seen as a better gauge of longer-run inflation, jumped 0.5% from January to February — the most since September. That is far higher than is consistent with the Fed’s 2% annual target.

“Absent the fallout from the bank failure, it may have been a close call, but I think it would have tipped them towards a half-point (rate hike) at this meeting,” said Kathy Bostjancic, chief economist at Nationwide.

On Monday, Powell announced that the Fed would review its supervision of Silicon Valley to understand how it might have better managed its regulation of the bank. The review will be conducted by Michael Barr, the Fed vice chair who oversees bank oversight, and will be publicly released May 1.

A Federal Reserve spokesperson declined to comment further. Elizabeth Smith, a spokeswoman for the California Department of Financial Protection and Innovation, said, “We are actively investigating the situation and conducting a thorough review to ensure the Department is doing everything we can to protect Californians.”

By all accounts, Silicon Valley was an unusual bank. Its management took excessive risks by buying billions of dollars of mortgage-backed securities and Treasury bonds when interest rates were low. As the Fed continually raised interest rates to fight inflation, leading to higher rates on Treasurys, the value of Silicon Valley Bank’s bonds steadily lost value.

Most banks would have sought to make other investments to offset that risk. The Fed could have also forced the bank to raise additional capital.

The bank had grown rapidly. Its assets quadrupled in five years to $209 billion, making it the 16th-largest bank in the country. And roughly 94% of its deposits were uninsured because they exceeded the Federal Deposit Insurance Corporation’s $250,000 insurance cap.

That percentage was the second highest among banks with more than $50 billion in assets, according to ratings agency S&P. Signature had the fourth-highest percentage of uninsured deposits. Such an unusually high proportion made Silicon Valley Bank highly susceptible to the risk that depositors would quickly withdraw their money at the first sign of trouble — a classic bank run — which is exactly what happened.

“I’m at a loss for words to understand how this business model was deemed acceptable by their regulators,” said Aaron Klein, a former congressional aide, now at the Brookings Institution, who worked on the Dodd-Frank banking regulation law that was passed after the 2008 financial crisis.

The bank failures will likely color an upcoming Fed review of rules that set out how much money large banks must hold in reserve. Barr said last year that he wanted to conduct a “holistic” review of those requirements, raising concerns in the banking industry that the review would lead to rules forcing banks to hold more reserves, which would limit their ability to lend. Many critics also point to a 2018 law as softening bank regulations in ways that contributed to Silicon Valley’s failure. Pushed by the Trump administration with bipartisan support in Congress, the law exempted banks with $100 billion to $250 billion in assets — Silicon Valley’s size — from requirements that included regular examinations of how they would fare in tough economic times, known as “stress tests.”

Silicon Valley’s CEO, Greg Becker, had lobbied Congress in support of the rollback in regulations, and he served on the board of the Federal Reserve Bank of San Francisco until the day of the collapse.

Sen. Elizabeth Warren, a Democrat from Massachusetts, asked him him about his lobbying in a letter released Tuesday.

“These rules were designed to safeguard our banking system and economy from the negligence of bank executives like yourself — and their rollback, along with atrocious risk management policies at your bank, have been implicated as chief causes of its failure,” Warren’s letter said.

The 2018 law also provided the Fed with more discretion in its bank oversight. The central bank subsequently voted to further reduce regulation for banks the size of Silicon Valley.

In October 2019, the Fed voted to effectively reduce the capital those banks had to hold in reserve.

Kelleher said the Fed still could have pushed Silicon Valley Bank to take steps to protect itself.

“Nothing in that law prevented in any way the Federal Reserve supervisors from doing their job,” Kelleher said."
2024-08-23,Powell green lights September rate cut,investing.com,https://www.investing.com/news/economy-news/powell-green-lights-september-rate-cut-3585418,Federal Reserve Rate-Cut Policy,Federal Reserve; rate cut; Powell; USD; interest rates,Monetary Policy,"(Reuters) - Federal Reserve Chair Jerome Powell said on Friday ""the time has come"" for the U.S. central bank to cut interest rates as rising risks to the job market left no room for further weakness and inflation was in reach of the Fed's 2% target, offering an explicit endorsement of an imminent policy easing.

""The upside risks to inflation have diminished. And the downside risks to employment have increased,"" Powell said in a highly anticipated speech to the Kansas City Fed's annual economic conference in Jackson Hole, Wyoming. ""The time has come for policy to adjust. The direction of travel is clear, and the timing and pace of rate cuts will depend on incoming data, the evolving outlook, and the balance of risks.""

STOCKS: The S&P 500 extended a gain to 0.92%

BONDS: The yield on benchmark U.S. 10-year notes fell and was at 3.812%The 2-year note yield fell to 3.955%.

FOREX: The dollar index turned 0.394% lower

COMMENTS:

UTO SHINOHARA, MANAGING DIRECTOR AND SENIOR INVESTMENT STRATEGIST, MESIROW, CHICAGO

“Powell validated market expectations for a September rate cut while continuing to anchor on data dependency and economic outlook going forward.

“FX is a relative game, so the expectation for the Fed to join the other major banks soon in cutting rates is driving the dollar lower. Although the dollar is under pressure, the implied rate cut estimates have not moved significantly – the September meeting expectation is still around 30bps and total expected cuts by year-end only increased from around 95bps to 100bps right now. “With inflation on a path towards target, the risks associated with employment take on a larger role going forward on the heels of the large negative payrolls revision, and the Fed reaction to employment prints will continue to move the dollar.”

STEVE ENGLANDER, HEAD OF GLOBAL FX RESEARCH AND MACRO STRATEGY STANDARD CHARTERED BANK, NEW YORK

""I think the markets' reaction, which has been the dollar a bit weaker, bond yields a bit lower, is about right. It's not like he said 'Yeah, were going to do three 50s to begin the easing cycle.'""

""What he did was very much focus on the fact that the inflation target is in sight, that they are worried about the labor market, saying that the labor market doesn't have to weaken any further. So, implicitly, it opens the door to 50s at some point without giving a timetable for it. We still don't think 50 is going to be the first move, but it could come quickly if the labor market continues to weaken.""

DAVID DOYLE, HEAD OF ECONOMICS, MACQUARIE GROUP, TORONTO

""Powell has set the stage for rate cuts to commence in September. The extent of easing in coming months will depend on the incoming data tape with the labor market playing an important role in this.""

SAM STOVALL, CHIEF INVESTMENT STRATEGIST, CFRA RESEARCH, ALLENTOWN, PA

“I felt a little surprised that he was pretty clear in his statement that inflation is coming down. They are confident that inflation will continue to come down and that employment has not been adversely affected.” He wants to let the markets know that the Fed is not behind the curve. By being as clear about the likelihood of a rate cut in September, he's actually cutting rates a month early.”

“Powell was clear about the first rate cut, but not so much about the next ones, so I don’t think he’ll be exploding out of the blocks with a 50 basis point cut. But I think slow and steady is how the Fed wants to pace this early part of the easing.”

ELIAS HADDAD, SENIOR MARKETS STRATEGIST AT BROWN BROTHERS HARRIMAN, LONDON

""The reason why the message from Powell is on the dovish side is because he's increasingly concerned about the U.S. labor market. You've got reasonably strong growth in the U.S. with the central bank that's about to ease policy. It’s the perfect cocktail sauce for a rally in equities. This will carry on into next week or at least until we see the next employment numbers. You need a stronger-than-expected nonfarm payroll gains to reverse this.""

ANDRE BAKHOS, MANAGING MEMBER, INGENIUM ANALYTICS LLC, PLAINSBORO, NEW JERSEY.

“I now expect (a) 50 bps cut but the caveat would be if the job market numbers are very weak come early September. That could certainly sway a 50 bps into a 75 bps cut.""

“The longer term trends in stocks are rock solid and any weakness is an opportunity to add exposure. But again, in short term, we're going to get that choppy, erratic, volatile moves because no one really knows what happens now that he has (Powell) shown his hand and said what everyone expected. We're going to have to see how this play out.” GLEN SMITH, CHIEF INVESTMENT OFFICER, GDS WEALTH MANAGEMENT, TEXAS

“Powell's Jackson Hole comments all but assure a 25 basis point rate cut in September, as the Federal Reserve has been telegraphing for quite some time now. The September meeting is three weeks away and there are only a handful of jobs and inflation data points to be released until then and it's unlikely that these next few data points will change the Fed's plans to cut rates by 25 basis points next month.”

“While a September rate cut is essentially a done deal at this point, the more important question is whether this will be a one and done rate cut, or if it will be the beginning of a more substantial cutting cycle, and that will be determined by the economic data over the next two to three months. The market is pricing in multiple rate cuts over the next 12 months, although we remind investors that the market has a history of being too optimistic about rate cuts.”

“We have now seen more evidence than ever that a soft landing has been achieved. Since the post-Covid uptick in inflation, consumer prices are now closer than they have ever been to the Fed's 2% target. While there has been a slowing of economic data, that's very different from a recession.”

KARL SCHAMOTTA, CHIEF MARKET STRATEGIST, CORPAY, TORONTO

“He noted growing concern about the job market and that's really helping to ratify market expectations for multiple cuts through the autumn months. I think the key sentence there is that they'll 'do everything we can to support a strong labor market as we make further progress toward price stability.' So that to me does suggest that he's acknowledging the growing concern among policymakers around the direction of labor markets.” “He does not put a 50-basis point cut on the table for September, and I think that that is somewhat in line with what markets have been anticipating as well.”

WASIF LATIF, PRESIDENT AND CHIEF INVESTMENT OFFICER, SARMAYA PARTNERS, PRINCETON, NEW JERSEY

""We're seeing from the price action that markets are rejoicing. It's finally getting the candy that it's been anticipating from the Fed. In terms of rate cuts, the forward guidance has been somewhat mixed depending on who from the Fed has been talking. But obviously when you hear from the chair, he speaks for the entire committee. And now it's unequivocally there, the guidance is there, that rates cuts are coming. Markets are rejoicing off that. Markets have been anticipating this candy and now it's getting the candy. But just like a lot of candy, there's this immediate sugar rush and then comes the reckoning that we still need to go through.""

PAUL CHRISTOPHER, HEAD OF GLOBAL STRATEGY, WELLS FARGO INVESTMENT INSTITUTE, ST. LOUIS, MISSOURI

""There's no question they're going to cut rates but the question is how much ... It's more dovish than what I would've expected because the labor market really isn't at a level that approaches recession from the data we've seen. After all we heard Fed officials yesterday argue for gradual and methodical approaches.""

""Today you hear the Fed chair leading off with statements like not seeking or welcoming further cooling in labor market conditions.""

""It signals that they're definitely going to cut rates. Can they still be gradual yes. It's a positive message. It's a clear message. Is it a signal to throw all your cash into the market? No. They're still going to be gradual and the market may still be getting ahead of itself on how quickly the Fed will deliver.

Therefore we think there'll be more volatility in this market going into the end of this year.""

PETER CARDILLO, CHIEF MARKET ECONOMIST, SPARTAN CAPITAL SECURITIES, NEW YORK

“Powell is on the dovish side, saying there’s ample room to respond to any risk we may face. I think that’s the key.”

“What he’s suggesting here is if the labor market continues to weaken, we’re looking at a 50-basis-point rate cut in September as opposed to 25.”

“’The time has come for policy to adjust,’ and ‘we do not seek or welcome further cooling in labor market conditions.’ That’s another key point and it tells me we’re looking at a 50 bp cut in September.“

“He seems that he’s responding to the big benchmark revision we had the other day.”

“He’s also saying that confidence has grown that inflation is on its way back down to 2%. This is a dovish Powell today, and we see markets responding accordingly.”

“I think we’ll have two cuts, a total 75 bp this year, especially if the labor report for august should indicate further weakness.” MARC CHANDLER, CHIEF MARKET STRATEGIST, BANNOCKBURN GLOBAL FOREX, NEW YORK

“I think initially the market is really going to be dovish, taking interest rates down and taking the dollar down. I'm still not sure that this is going to stick. I think that I don't really see him telling us anything that we didn't really know.”

“He's basically saying that the magnitude is going to be driven by the data, and as you look at what's likely in the jobs data and the CPI before the Fed meets, and the general tone, I don't see a strong sense of urgency or panic that a 50-basis point cut would seem to imply.”

KIM FORREST, CHIEF INVESTMENT OFFICER, BOKEH CAPITAL PARTNERS, PITTSBURGH

    ""It seems like while we're walking through the economy's history over the last couple of years, it seems we have come to a point where the Fed needs to be more accommodative and the markets are reacting to that.""    ""Everything that (Powell) has ever told us is that it's data driven. They are not going to immediately lower rates.”

    “Especially on Bostic's comments, and they all know what the script is and stick to it, he was fairly dovish especially when it came to what the real rate is. He said it is restrictive. These comments point to cuts beginning and the market is nodding it's head in agreement."""
2024-11-06,"Dollar soars, euro tumbles as Trump wins US presidential election",Reuters,https://www.kitco.com/news/off-the-wire/2024-11-06/dollar-soars-euro-tumbles-trump-wins-us-presidential-election,US Presidential Election,Trump election; US presidential election; tariffs; USD,US Election / Fiscal & Trade Policy,"Nov 6 (Reuters) - The dollar soared on Wednesday and was set for its biggest one-day rise since March 2020 after Republican Donald Trump won the U.S. presidential election, while the euro, Chinese yuan and Mexican peso were among the biggest losers on potential new tariffs in the regions.

Trump beat Democrat Vice President Kamala Harris to retake the White House while Republicans also won a U.S. Senate majority. Control of the House of Representatives remains in question, with Republicans currently holding a narrow majority.

A full sweep by Republicans would allow the party to make larger policy changes and in turn would likely provoke larger currency moves.

Trump’s policies on restricting illegal immigration, enacting new tariffs, lower taxes and deregulation may boost growth and inflation and could crimp the Federal Reserve’s ability to cut rates.

""This can push inflation higher and force the Fed to a slower easing path, which is dollar-positive,"" said Nikos Tzabouras, senior market specialist at trading platform Tradu.

The euro zone, Mexico, China and Canada are viewed as being as being at risk of potential new tariffs, which may hurt economic growth in the regions and widen their interest rate differentials with the United States.

Nick Wood, Head of Execution at MillTechFX and Millennium Global notes that currency moves on Wednesday have been orderly, with currency pairs in general seeing volumes around 25% to 30% above usual.

That may have been helped by investors holding relatively light positions heading into the election.

“It seems like elements of the market were actually kind of running quite light in terms of risk, so therefore they can be a little bit more patient in terms of entering positions as opposed to feeling like you're the wrong side of something and having to exit a position at a speed,” he said.
A complicating factor for the dollar outlook longer term, meanwhile, could be that Trump has stated a preference for a weak U.S. currency.

“Both this year, but also during his previous stay at the White House, he had essentially challenged the longstanding strong dollar mantra, because he prefers a weaker currency to help with exports and American economic activity,"" said Tzabouras.

""And he had also called for lower interest rates, so this could actually pose headwinds for the dollar in the long run as these policies begin to take shape.”

The dollar index was last up 1.72% at 105.17 and reached 105.44, the highest since July 3. The euro dropped 1.91% to $1.0720 and got as low as $1.0683, the lowest since June 27.

The greenback rose 1.60% to 154.02 Japanese yen and reached 154.48, the highest since July 30.

The Japanese yen could now approach levels that prompted officials to intervene and shore up the currency earlier this year.

Japan's chief cabinet secretary Yoshimasa Hayashi said on Wednesday that the government intended to closely watch moves on the foreign exchange market, including speculative moves, with a higher sense of urgency.

Trump has also expressed favorable views on cryptocurrencies, which helped to lift bitcoin to a record high of $75,389. It was last up 7.3% at $74,181.

The Fed is expected to cut rates by 25 basis points at the conclusion of its two-day meeting on Thursday and investors will also watch for any new clues on whether the U.S. central bank could pause cuts in December.

A much stronger than expected jobs report for September led investors to pare back expectations on how many times the Fed is likely to cut rates. A much weaker than anticipated report for October has raised some doubts over this view though this data was clouded by the impact of recent hurricanes and labor strikes.

Traders are now pricing 65% odds the Fed will also cut in December, down from 77% on Tuesday, according to the CME Group’s Fed Watch Tool.

The Bank of England is expected to cut rates by 25 basis points on Thursday, while the Riksbank is seen easing by 50 basis points and the Norges Bank is expected to stay on hold.
"
2025-04-04,"Dow drops 1,600 as US stocks lead worldwide sell-off after Trump's tariffs cause a COVID-like shock",AP,https://apnews.com/article/stocks-markets-rates-tariffs-52dbb020a4c41122e31669c2da236d67,Trump Tariffs / Global Trade War,Trump tariffs; trade war; USD; markets,Trade Policy / Geopolitical,"NEW YORK (AP) — Wall Street shuddered, and a level of shock unseen since COVID’s outbreak tore through financial markets worldwide Thursday on worries about the damage President Donald Trump’s newest set of tariffs could do to economies across continents, including his own.

The S&P 500 sank 4.8%, more than in major markets across Asia and Europe, for its worst day since the pandemic crashed the economy in 2020. The Dow Jones Industrial Average dropped 1,679 points, or 4%, and the Nasdaq composite tumbled 6%. Little was spared in financial markets as fear flared about the potentially toxic mix of weakening economic growth and higher inflation that tariffs can create.

Everything from crude oil to Big Tech stocks to the value of the U.S. dollar against other currencies fell. Even gold, which hit records recently as investors sought something safer to own, pulled lower. Some of the worst hits walloped smaller U.S. companies, and the Russell 2000 index of smaller stocks dropped 6.6% to pull more than 20% below its record. Investors worldwide knew Trump was going to announce a sweeping set of tariffs late Wednesday, and fears surrounding it had already pulled Wall Street’s main measure of health, the S&P 500 index, 10% below its all-time high. But Trump still managed to surprise them with “the worst case scenario for tariffs,” according to Mary Ann Bartels, chief investment officer at Sanctuary Wealth.

Trump announced a minimum tariff of 10% on imports, with the tax rate running much higher on products from certain countries like China and those from the European Union. It’s “plausible” the tariffs altogether, which would rival levels unseen in roughly a century, could knock down U.S. economic growth by 2 percentage points this year and raise inflation close to 5%, according to UBS.


Such a hit would be so big that it “makes one’s rational mind regard the possibility of them sticking as low,” according to Bhanu Baweja and other strategists at UBS. Trump has previously said tariffs could cause “a little disturbance” in the economy and markets, and on Thursday he again downplayed the impact as he left the White House to fly to Florida.

“The markets are going to boom, the stock is going to boom and the country is going to boom,” Trump said. Wall Street had long assumed Trump would use tariffs merely as a tool for negotiations with other countries, rather than as a long-term policy. But Wednesday’s announcement may suggest Trump sees tariffs more as helping to solve an ideological goal than as an opening bet in a poker game. Trump on Wednesday talked about wresting manufacturing jobs back to the United States, a process that could take years.

If Trump follows through on his tariffs, stock prices may need to fall much more than 10% from their all-time high in order to reflect the recession that could follow, along with the hit to profits that U.S. companies could take. The S&P 500 is now down 11.8% from its record set in February. “Markets may actually be underreacting, especially if these rates turn out to be final, given the potential knock-on effects to global consumption and trade,” said Sean Sun, portfolio manager at Thornburg Investment Management, though he sees Trump’s announcement on Wednesday as more of an opening move than an endpoint for policy. Trump offered an upbeat reaction after he was asked about the market’s drop as he left the White House to fly to his Florida golf club on Thursday.

“I think it’s going very well,” he said. “We have an operation, like when a patient gets operated on and it’s a big thing. I said this would exactly be the way it is.” One wild card is that the Federal Reserve could cut interest rates in order to support the economy. That’s what it had been doing late last year before pausing in 2025. Lower interest rates help by making it easier for U.S. companies and households to borrow and spend.

Yields on Treasurys tumbled in part on rising expectations for coming cuts to rates, along with general fear about the health of the U.S. economy. The yield on the 10-year Treasury fell to 4.04% from 4.20% late Wednesday and from roughly 4.80% in January. That’s a huge move for the bond market.

The Fed may have less freedom to move than it would like, though. While lower rates can goose the economy, they can also push upward on inflation. And worries are already worsening about that because of tariffs, with U.S. households in particular bracing for sharp increases to their bills.

The U.S. economy at the moment is still growing, of course. A report on Thursday said fewer U.S. workers applied for unemployment benefits last week. Economist had been expecting to see an uptick in joblessness, and a relatively solid job market has been the linchpin keeping the economy out of recession.

A separate report said activity for U.S. transportation, finance and other businesses in the services industry grew last month. But the growth was weaker than expected, and businesses gave a mixed picture of how they see conditions.

Worries about a potentially stagnating economy and high inflation knocked down all kinds of stocks, leading to drops for four out of every five that make up the S&P 500.

Best Buy fell 17.8% because the electronics that it sells are made all over the world. United Airlines lost 15.6% because customers worried about the global economy may not fly as much for business or feel comfortable enough to take vacations. Target tumbled 10.9% amid worries that its customers, already squeezed by still-high inflation, may be under even more stress.

All told, the S&P 500 fell. 274.45 points to 5,396.52 The Dow Jones Industrial Average sank 1,679.39 to 40,545.93, and the Nasdaq composite tumbled 1,050.44 to 16,550.61.

In stock markets abroad, indexes fell sharply worldwide. France’s CAC 40 dropped 3.3%, and Germany’s DAX lost 3% in Europe.

Japan’s Nikkei 225 sank 2.8%, Hong Kong’s Hang Seng lost 1.5% and South Korea’s Kospi dropped 0.8%."
2025-04-10,The United States and China are locked in a faceoff over tariffs. No one wants to blink first,AP,https://www.clickorlando.com/news/politics/2025/04/09/the-united-states-and-china-are-locked-in-a-faceoff-over-tariffs-no-one-wants-to-blink-first/,US-China Trade Escalation,US-China trade war; Trump tariffs; China; USD,Trade Policy / Geopolitical,"he tariff fight between the world's two largest economies spiraled into greater peril Wednesday as President Donald Trump tried to narrow his global trade war into a direct — and risky — faceoff with Beijing.

As Trump reversed his larger “reciprocal” tariffs on most of the world in the face of recession fears, he nonetheless hiked his tariffs on China once again. The move locks the strategic rivals into a deepening standoff that endangers both their economies and interests around the world. The stakes are higher than ever, as the U.S. and China are already embroiled in competition on everything from artificial intelligence to monetary policy to overall global influence. Each nation dares the other to blink first. But the rounds of escalation are raising concerns that the window for diplomacy has narrowed even further, while the economic pain on both economies intensifies.

Behind it all, as usual, geopolitics lurks — the concerns about regional and global security that are always in play when economic relations between two of the world's most powerful nations turn aggressive.

“When you punch the United States of America,” said Karoline Leavitt, the White House press secretary, “President Trump is going to punch back harder.”

A back-and-forth approach

After Beijing responded to U.S. President Donald Trump's 34% “reciprocal” tax on China with the same 34% rate on American goods, Trump raised the tariff by another 50 percentage points, only to be met by the same tariff hike by Beijing on Wednesday morning. U.S. products going to China are now to be taxed 84%. Hours later, Trump declared that Chinese imports to the United States would be “immediately” taxed at 125%, citing “lack of respect that China has shown to the World's Markets.” However, the universal tariffs on China actually total 145%. When Trump announced them on Wednesday, he did not account for a 20% tariff on China tied to its role in fentanyl production that was already in effect, the White House said.

“At some point, hopefully in the near future, China will realize that the days of ripping off the U.S.A., and other Countries, is no longer sustainable or acceptable,” Trump wrote on his Truth Social platform.

Treasury Secretary Scott Bessent insisted this had been Trump's strategy all along and that Beijing has “shown themselves to the world as the bad actors.”

While the financial markets rebounded from their deepest lows at the news that China would be facing the brunt of Trump's wrath, the real-world prospects of the intensifying trade war with China were still set to be significant.

On Wednesday, the U.S.-China Business Council urged the two leaders to “come to the table” and talk. “Targeted tariffs to encourage China to come to the negotiating table are one thing, but these sweeping tit-for-tat tariffs are in no one’s interests. They will significantly harm the global, U.S., and Chinese economies as well as American businesses, farmers, and consumers,” the council said. Trump has left little room to negotiate an off-ramp with China, short of that country capitulating — which would be anathema to Chinese President Xi Jinping.

“Xi will not be forced into a call,” said Sun Yun, director of the China program at the Washington-based think tank Stimson Center. Only once in recent history, she noted, has a Chinese leader phoned the United States without invitation — after the 9/11 terrorist attacks. The trade tensions, if unchecked, could spill into other domains, she warned.

Craig Singleton, the senior China fellow at another Washington-based think tank, the Foundation for Defense of Democracies, agreed that a phone call from Beijing is “unlikely in this climate.” “Each side believes time is on its side, which raises the risk that neither moves to de-escalate until real damage is done,” he said. “This is no longer about tariffs alone. It’s a test of wills.”

Both sides have their calculations

Before Trump's announcement, Bessent called it “unfortunate that the Chinese actually don't want to come and negotiate.”

“And I can tell you that this escalation is a loser for them,” Bessent said on Fox Business Network’s “Morning with Maria” on Wednesday. “Their exports to the U.S. are five times our exports to China. So, they can raise their tariffs. But, so what?”

China has its own calculations. Its leadership, overseeing the world's second-largest economy, has vowed not to surrender to U.S. bullying. While Trump's higher-than-expected tariffs caught other countries by surprise, China says it has been prepared, having learned a lesson from its previous tariff dealings during Trump's first term. In response to Trump's several rounds of tariff raises, Beijing has responded swiftly each time with a package of tariff and non-tariff measures.

“We have been in a trade war with the United States for eight years and have accumulated rich struggle experience,” said an editorial by the ruling party's flagship newspaper People's Daily, dated Monday. The newspaper assured the Chinese public that “the sky will not fall.” “Facing the impact of U.S. tariff bullying, we possess strong resilience,” the party newspaper said, citing the country's reduced dependence on exports to the U.S. market and new measures to boost domestic consumption.

Since Trump imposed his first round of tariffs on China in 2018, Beijing’s leaders have developed a toolkit of tariffs, import curbs, export controls, sanctions, regulatory reviews and measures to limit companies from doing business in China. All are designed to inflict pain on the U.S. economy and businesses in response to any trade move by the U.S. government.

Melanie Hart, senior director of the Global China Hub at the Atlantic Council, said Beijing is now “throwing the entire toolkit against” the United States, blacklisting companies, hitting American farmers and cutting the nation off from critical minerals. “They have a bunker that they’ve been building for this moment,” Hart said. “They’re in the bunker. And if I’m Xi Jinping, I’m feeling a lot more comfortable than Donald Trump today.”

But People's Daily also made it clear that Beijing remains open to talks. “Faced with volatility and extreme pressure from the United States,” it said, “we have not closed the door to negotiations.”

The country's official Xinhua News Agency, in an editorial, insisted as well that China doesn't want a trade war — but can fight one.

“There are no winners in a trade war,” it said. “But China is not afraid of a trade war.”

"